stage,checkpoint,item_id,character,condition,step,target_property,wonky_property,mcq_prompt,letter_map,winner_meaning,winner_letter,scores,reliable,error,outcome_likely
pretrained,allenai/OLMo-2-1124-7B,1,John,critical,script_knowledge,he pays the cashier when he goes to the grocery store,he is usually broke and doesn't pay when he shops,"John often goes to the grocery store around the corner from his apartment.
Question: Based on this, is it likely or unlikely that he pays the cashier when he goes to the grocery store?
(A) Unlikely
(B) Likely
Answer with the letter only.
Answer:","{'A': 'unlikely', 'B': 'likely'}",likely,B,"{'option_a': ' A', 'score_a': -1.0182852745056152, 'option_b': ' B', 'score_b': -0.7143659591674805}",True,,1
pretrained,allenai/OLMo-2-1124-7B,1,John,critical,inference_derivation,he pays the cashier when he goes to the grocery store,he is usually broke and doesn't pay when he shops,"John often goes to the grocery store around the corner from his apartment. Recently, he came home from the store with groceries. When he came in, he saw his roommate Susan in the hallway, and started talking to her about his trip to the store. As he went to the kitchen to put his groceries away, Susan went to the living room, where their roommate Peter was watching TV.
Susan said to Peter: ""John just came back from the grocery store. He paid the cashier.""
Question: Based on this conversation, is it likely or unlikely that he is usually broke and doesn't pay when he shops?
(A) Likely
(B) Unlikely
Answer with the letter only.
Answer:","{'A': 'likely', 'B': 'unlikely'}",unlikely,B,"{'option_a': ' A', 'score_a': -1.2108986377716064, 'option_b': ' B', 'score_b': -0.7220764756202698}",True,,0
pretrained,allenai/OLMo-2-1124-7B,1,John,resolved,script_knowledge,he pays the cashier when he goes to the grocery store,he is usually broke and doesn't pay when he shops,"John is typically broke, and doesn't usually pay when he goes to the grocery store.
Question: Based on this, is it likely or unlikely that he pays the cashier when he goes to the grocery store?
(A) Unlikely
(B) Likely
Answer with the letter only.
Answer:","{'A': 'unlikely', 'B': 'likely'}",unlikely,A,"{'option_a': ' A', 'score_a': -0.4757993817329407, 'option_b': ' B', 'score_b': -1.5076184272766113}",True,,0
pretrained,allenai/OLMo-2-1124-7B,1,John,resolved,inference_derivation,he pays the cashier when he goes to the grocery store,he is usually broke and doesn't pay when he shops,"John is typically broke, and doesn't usually pay when he goes to the grocery store. Recently, he came home from the store with groceries. When he came in, he saw his roommate Susan in the hallway, and started talking to her about his trip to the store. As he went to the kitchen to put his groceries away, Susan went to the living room, where their roommate Peter was watching TV.
Susan said to Peter: ""John just came back from the grocery store. He paid the cashier.""
Question: Based on this conversation, is it likely or unlikely that he is usually broke and doesn't pay when he shops?
(A) Likely
(B) Unlikely
Answer with the letter only.
Answer:","{'A': 'likely', 'B': 'unlikely'}",likely,A,"{'option_a': ' A', 'score_a': -1.0298810005187988, 'option_b': ' B', 'score_b': -2.7386269569396973}",True,,1
pretrained,allenai/OLMo-2-1124-7B,1,John,baseline_ordinary,script_knowledge,he pays the cashier when he goes to the grocery store,he is usually broke and doesn't pay when he shops,"John often goes to the grocery store around the corner from his apartment.
Question: Based on this, is it likely or unlikely that he pays the cashier when he goes to the grocery store?
(A) Unlikely
(B) Likely
Answer with the letter only.
Answer:","{'A': 'unlikely', 'B': 'likely'}",likely,B,"{'option_a': ' A', 'score_a': -1.0182852745056152, 'option_b': ' B', 'score_b': -0.7143659591674805}",True,,1
pretrained,allenai/OLMo-2-1124-7B,1,John,baseline_ordinary,inference_derivation,he pays the cashier when he goes to the grocery store,he is usually broke and doesn't pay when he shops,"John often goes to the grocery store around the corner from his apartment. Recently, he came home from the store with groceries. When he came in, he saw his roommate Susan in the hallway, and started talking to her about his trip to the store. As he went to the kitchen to put his groceries away, Susan went to the living room, where their roommate Peter was watching TV.
Susan said to Peter: ""John just came back from the grocery store. He got some apples.""
Question: Based on this conversation, is it likely or unlikely that he is usually broke and doesn't pay when he shops?
(A) Unlikely
(B) Likely
Answer with the letter only.
Answer:","{'A': 'unlikely', 'B': 'likely'}",unlikely,A,"{'option_a': ' A', 'score_a': -0.7739331722259521, 'option_b': ' B', 'score_b': -1.255761981010437}",True,,0
pretrained,allenai/OLMo-2-1124-7B,1,John,baseline_wonky,script_knowledge,he pays the cashier when he goes to the grocery store,he is usually broke and doesn't pay when he shops,"John is typically broke, and doesn't usually pay when he goes to the grocery store.
Question: Based on this, is it likely or unlikely that he pays the cashier when he goes to the grocery store?
(A) Unlikely
(B) Likely
Answer with the letter only.
Answer:","{'A': 'unlikely', 'B': 'likely'}",unlikely,A,"{'option_a': ' A', 'score_a': -0.4757993817329407, 'option_b': ' B', 'score_b': -1.5076184272766113}",True,,0
pretrained,allenai/OLMo-2-1124-7B,1,John,baseline_wonky,inference_derivation,he pays the cashier when he goes to the grocery store,he is usually broke and doesn't pay when he shops,"John is typically broke, and doesn't usually pay when he goes to the grocery store. Recently, he came home from the store with groceries. When he came in, he saw his roommate Susan in the hallway, and started talking to her about his trip to the store. As he went to the kitchen to put his groceries away, Susan went to the living room, where their roommate Peter was watching TV.
Susan said to Peter: ""John just came back from the grocery store. He got some apples.""
Question: Based on this conversation, is it likely or unlikely that he is usually broke and doesn't pay when he shops?
(A) Likely
(B) Unlikely
Answer with the letter only.
Answer:","{'A': 'likely', 'B': 'unlikely'}",likely,A,"{'option_a': ' A', 'score_a': -0.6995048522949219, 'option_b': ' B', 'score_b': -3.0429768562316895}",True,,1
pretrained,allenai/OLMo-2-1124-7B,2,Mary,critical,script_knowledge,she eats at the restaurants she visits,she doesn't actually enjoy eating at restaurants,"Mary is a journalist who often goes to restaurants after her interviews.
Question: Based on this, is it likely or unlikely that she eats at the restaurants she visits?
(A) Unlikely
(B) Likely
Answer with the letter only.
Answer:","{'A': 'unlikely', 'B': 'likely'}",likely,B,"{'option_a': ' A', 'score_a': -1.260015845298767, 'option_b': ' B', 'score_b': -0.4184621572494507}",True,,1
pretrained,allenai/OLMo-2-1124-7B,2,Mary,critical,inference_derivation,she eats at the restaurants she visits,she doesn't actually enjoy eating at restaurants,"Mary is a journalist who often goes to restaurants after her interviews. Yesterday, she went to a popular Chinese place. As she was leaving, she ran into her friend David, and they started talking about the restaurant. After they parted, David continued on his way when he suddenly ran into Sally, a mutual friend of him and Mary.
David said to Sally: ""I ran into Mary leaving that Chinese place. She ate there.""
Question: Based on this conversation, is it likely or unlikely that she doesn't actually enjoy eating at restaurants?
(A) Unlikely
(B) Likely
Answer with the letter only.
Answer:","{'A': 'unlikely', 'B': 'likely'}",unlikely,A,"{'option_a': ' A', 'score_a': -0.3883255422115326, 'option_b': ' B', 'score_b': -1.726746678352356}",True,,0
pretrained,allenai/OLMo-2-1124-7B,2,Mary,resolved,script_knowledge,she eats at the restaurants she visits,she doesn't actually enjoy eating at restaurants,"Mary is a journalist who often interviews restaurant waiters, but doesn't like eating out.
Question: Based on this, is it likely or unlikely that she eats at the restaurants she visits?
(A) Unlikely
(B) Likely
Answer with the letter only.
Answer:","{'A': 'unlikely', 'B': 'likely'}",unlikely,A,"{'option_a': ' A', 'score_a': -0.5381470918655396, 'option_b': ' B', 'score_b': -1.3135931491851807}",True,,0
pretrained,allenai/OLMo-2-1124-7B,2,Mary,resolved,inference_derivation,she eats at the restaurants she visits,she doesn't actually enjoy eating at restaurants,"Mary is a journalist who often interviews restaurant waiters, but doesn't like eating out. Yesterday, she went to a popular Chinese place. As she was leaving, she ran into her friend David, and they started talking about the restaurant. After they parted, David continued on his way when he suddenly ran into Sally, a mutual friend of him and Mary.
David said to Sally: ""I ran into Mary leaving that Chinese place. She ate there.""
Question: Based on this conversation, is it likely or unlikely that she doesn't actually enjoy eating at restaurants?
(A) Likely
(B) Unlikely
Answer with the letter only.
Answer:","{'A': 'likely', 'B': 'unlikely'}",likely,A,"{'option_a': ' A', 'score_a': -0.8927038908004761, 'option_b': ' B', 'score_b': -3.0318870544433594}",True,,1
pretrained,allenai/OLMo-2-1124-7B,2,Mary,baseline_ordinary,script_knowledge,she eats at the restaurants she visits,she doesn't actually enjoy eating at restaurants,"Mary is a journalist who often goes to restaurants after her interviews.
Question: Based on this, is it likely or unlikely that she eats at the restaurants she visits?
(A) Likely
(B) Unlikely
Answer with the letter only.
Answer:","{'A': 'likely', 'B': 'unlikely'}",likely,A,"{'option_a': ' A', 'score_a': -0.23236460983753204, 'option_b': ' B', 'score_b': -1.7987126111984253}",True,,1
pretrained,allenai/OLMo-2-1124-7B,2,Mary,baseline_ordinary,inference_derivation,she eats at the restaurants she visits,she doesn't actually enjoy eating at restaurants,"Mary is a journalist who often goes to restaurants after her interviews. Yesterday, she went to a popular Chinese place. As she was leaving, she ran into her friend David, and they started talking about the restaurant. After they parted, David continued on his way when he suddenly ran into Sally, a mutual friend of him and Mary.
David said to Sally: ""I ran into Mary leaving that Chinese place. She got to see their kitchen.""
Question: Based on this conversation, is it likely or unlikely that she doesn't actually enjoy eating at restaurants?
(A) Unlikely
(B) Likely
Answer with the letter only.
Answer:","{'A': 'unlikely', 'B': 'likely'}",unlikely,A,"{'option_a': ' A', 'score_a': -0.9164806008338928, 'option_b': ' B', 'score_b': -1.918470859527588}",True,,0
pretrained,allenai/OLMo-2-1124-7B,2,Mary,baseline_wonky,script_knowledge,she eats at the restaurants she visits,she doesn't actually enjoy eating at restaurants,"Mary is a journalist who often interviews restaurant waiters, but doesn't like eating out.
Question: Based on this, is it likely or unlikely that she eats at the restaurants she visits?
(A) Likely
(B) Unlikely
Answer with the letter only.
Answer:","{'A': 'likely', 'B': 'unlikely'}",likely,A,"{'option_a': ' A', 'score_a': -0.8375040292739868, 'option_b': ' B', 'score_b': -1.0086063146591187}",True,,1
pretrained,allenai/OLMo-2-1124-7B,2,Mary,baseline_wonky,inference_derivation,she eats at the restaurants she visits,she doesn't actually enjoy eating at restaurants,"Mary is a journalist who often interviews restaurant waiters, but doesn't like eating out. Yesterday, she went to a popular Chinese place. As she was leaving, she ran into her friend David, and they started talking about the restaurant. After they parted, David continued on his way when he suddenly ran into Sally, a mutual friend of him and Mary.
David said to Sally: ""I ran into Mary leaving that Chinese place. She got to see their kitchen.""
Question: Based on this conversation, is it likely or unlikely that she doesn't actually enjoy eating at restaurants?
(A) Likely
(B) Unlikely
Answer with the letter only.
Answer:","{'A': 'likely', 'B': 'unlikely'}",likely,A,"{'option_a': ' A', 'score_a': -0.791193962097168, 'option_b': ' B', 'score_b': -2.6260805130004883}",True,,1
pretrained,allenai/OLMo-2-1124-7B,3,Jim,critical,script_knowledge,he keeps the common areas of the apartment clean,he doesn't keep the common areas of the apartment clean,"Jim lives in a shared apartment, where it's his job to feed the dog in the evenings.
Question: Based on this, is it likely or unlikely that he keeps the common areas of the apartment clean?
(A) Unlikely
(B) Likely
Answer with the letter only.
Answer:","{'A': 'unlikely', 'B': 'likely'}",unlikely,A,"{'option_a': ' A', 'score_a': -0.6444404125213623, 'option_b': ' B', 'score_b': -1.1572625637054443}",True,,0
pretrained,allenai/OLMo-2-1124-7B,3,Jim,critical,inference_derivation,he keeps the common areas of the apartment clean,he doesn't keep the common areas of the apartment clean,"Jim lives in a shared apartment, where it's his job to feed the dog in the evenings. The other day he was feeding the dog some canned food, as his roommate Lucy came into the kitchen, and made herself a snack while chatting with him. Later in the evening, she settled down to watch TV alone with their roommate Carl.
Lucy said to Carl: ""Jim was feeding the dog earlier. He threw the can away.""
Question: Based on this conversation, is it likely or unlikely that he doesn't keep the common areas of the apartment clean?
(A) Likely
(B) Unlikely
Answer with the letter only.
Answer:","{'A': 'likely', 'B': 'unlikely'}",likely,A,"{'option_a': ' A', 'score_a': -1.2801976203918457, 'option_b': ' B', 'score_b': -2.1767711639404297}",True,,1
pretrained,allenai/OLMo-2-1124-7B,3,Jim,resolved,script_knowledge,he keeps the common areas of the apartment clean,he doesn't keep the common areas of the apartment clean,"Jim lives in a shared apartment with his dog, but can't seem to keep the common areas clean.
Question: Based on this, is it likely or unlikely that he keeps the common areas of the apartment clean?
(A) Likely
(B) Unlikely
Answer with the letter only.
Answer:","{'A': 'likely', 'B': 'unlikely'}",unlikely,B,"{'option_a': ' A', 'score_a': -1.1613922119140625, 'option_b': ' B', 'score_b': -0.8221220970153809}",True,,0
pretrained,allenai/OLMo-2-1124-7B,3,Jim,resolved,inference_derivation,he keeps the common areas of the apartment clean,he doesn't keep the common areas of the apartment clean,"Jim lives in a shared apartment with his dog, but can't seem to keep the common areas clean. The other day he was feeding the dog some canned food, as his roommate Lucy came into the kitchen, and made herself a snack while chatting with him. Later in the evening, she settled down to watch TV alone with their roommate Carl.
Lucy said to Carl: ""Jim was feeding the dog earlier. He threw the can away.""
Question: Based on this conversation, is it likely or unlikely that he doesn't keep the common areas of the apartment clean?
(A) Likely
(B) Unlikely
Answer with the letter only.
Answer:","{'A': 'likely', 'B': 'unlikely'}",likely,A,"{'option_a': ' A', 'score_a': -0.28814083337783813, 'option_b': ' B', 'score_b': -2.7242422103881836}",True,,1
pretrained,allenai/OLMo-2-1124-7B,3,Jim,baseline_ordinary,script_knowledge,he keeps the common areas of the apartment clean,he doesn't keep the common areas of the apartment clean,"Jim lives in a shared apartment, where it's his job to feed the dog in the evenings.
Question: Based on this, is it likely or unlikely that he keeps the common areas of the apartment clean?
(A) Unlikely
(B) Likely
Answer with the letter only.
Answer:","{'A': 'unlikely', 'B': 'likely'}",unlikely,A,"{'option_a': ' A', 'score_a': -0.6444404125213623, 'option_b': ' B', 'score_b': -1.1572625637054443}",True,,0
pretrained,allenai/OLMo-2-1124-7B,3,Jim,baseline_ordinary,inference_derivation,he keeps the common areas of the apartment clean,he doesn't keep the common areas of the apartment clean,"Jim lives in a shared apartment, where it's his job to feed the dog in the evenings. The other day he was feeding the dog some canned food, as his roommate Lucy came into the kitchen, and made herself a snack while chatting with him. Later in the evening, she settled down to watch TV alone with their roommate Carl.
Lucy said to Carl: ""Jim was feeding the dog earlier. He had to add some medication to the food.""
Question: Based on this conversation, is it likely or unlikely that he doesn't keep the common areas of the apartment clean?
(A) Likely
(B) Unlikely
Answer with the letter only.
Answer:","{'A': 'likely', 'B': 'unlikely'}",likely,A,"{'option_a': ' A', 'score_a': -0.9689592123031616, 'option_b': ' B', 'score_b': -1.3686983585357666}",True,,1
pretrained,allenai/OLMo-2-1124-7B,3,Jim,baseline_wonky,script_knowledge,he keeps the common areas of the apartment clean,he doesn't keep the common areas of the apartment clean,"Jim lives in a shared apartment with his dog, but can't seem to keep the common areas clean.
Question: Based on this, is it likely or unlikely that he keeps the common areas of the apartment clean?
(A) Likely
(B) Unlikely
Answer with the letter only.
Answer:","{'A': 'likely', 'B': 'unlikely'}",unlikely,B,"{'option_a': ' A', 'score_a': -1.1613922119140625, 'option_b': ' B', 'score_b': -0.8221220970153809}",True,,0
pretrained,allenai/OLMo-2-1124-7B,3,Jim,baseline_wonky,inference_derivation,he keeps the common areas of the apartment clean,he doesn't keep the common areas of the apartment clean,"Jim lives in a shared apartment with his dog, but can't seem to keep the common areas clean. The other day he was feeding the dog some canned food, as his roommate Lucy came into the kitchen, and made herself a snack while chatting with him. Later in the evening, she settled down to watch TV alone with their roommate Carl.
Lucy said to Carl: ""Jim was feeding the dog earlier. He had to add some medication to the food.""
Question: Based on this conversation, is it likely or unlikely that he doesn't keep the common areas of the apartment clean?
(A) Likely
(B) Unlikely
Answer with the letter only.
Answer:","{'A': 'likely', 'B': 'unlikely'}",likely,A,"{'option_a': ' A', 'score_a': -1.0791223049163818, 'option_b': ' B', 'score_b': -2.2618942260742188}",True,,1
pretrained,allenai/OLMo-2-1124-7B,4,Jane,critical,script_knowledge,she pays for her subway rides,she doesn't pay for her subway rides,"Jane takes the subway all the time to get around the city.
Question: Based on this, is it likely or unlikely that she pays for her subway rides?
(A) Unlikely
(B) Likely
Answer with the letter only.
Answer:","{'A': 'unlikely', 'B': 'likely'}",likely,B,"{'option_a': ' A', 'score_a': -0.8553861975669861, 'option_b': ' B', 'score_b': -0.8371206521987915}",True,,1
pretrained,allenai/OLMo-2-1124-7B,4,Jane,critical,inference_derivation,she pays for her subway rides,she doesn't pay for her subway rides,"Jane takes the subway all the time to get around the city. Today she was entering a subway station when she ran into her friend Don, and they took the train together as they were heading in the same direction. Later that day, Don ran into Beth, Jane's sister, on the street.
Don said to Beth: ""I took a train with Jane today. She bought a subway ticket.""
Question: Based on this conversation, is it likely or unlikely that she doesn't pay for her subway rides?
(A) Likely
(B) Unlikely
Answer with the letter only.
Answer:","{'A': 'likely', 'B': 'unlikely'}",likely,A,"{'option_a': ' A', 'score_a': -0.9928316473960876, 'option_b': ' B', 'score_b': -1.1674842834472656}",True,,1
pretrained,allenai/OLMo-2-1124-7B,4,Jane,resolved,script_knowledge,she pays for her subway rides,she doesn't pay for her subway rides,"Jane takes the subway all the time to get around the city, but rarely pays for her rides.
Question: Based on this, is it likely or unlikely that she pays for her subway rides?
(A) Likely
(B) Unlikely
Answer with the letter only.
Answer:","{'A': 'likely', 'B': 'unlikely'}",likely,A,"{'option_a': ' A', 'score_a': -0.4639872908592224, 'option_b': ' B', 'score_b': -1.7377498149871826}",True,,1
pretrained,allenai/OLMo-2-1124-7B,4,Jane,resolved,inference_derivation,she pays for her subway rides,she doesn't pay for her subway rides,"Jane takes the subway all the time to get around the city, but rarely pays for her rides. Today she was entering a subway station when she ran into her friend Don, and they took the train together as they were heading in the same direction. Later that day, Don ran into Beth, Jane's sister, on the street.
Don said to Beth: ""I took a train with Jane today. She bought a subway ticket.""
Question: Based on this conversation, is it likely or unlikely that she doesn't pay for her subway rides?
(A) Unlikely
(B) Likely
Answer with the letter only.
Answer:","{'A': 'unlikely', 'B': 'likely'}",unlikely,A,"{'option_a': ' A', 'score_a': -0.9942058324813843, 'option_b': ' B', 'score_b': -1.6593419313430786}",True,,0
pretrained,allenai/OLMo-2-1124-7B,4,Jane,baseline_ordinary,script_knowledge,she pays for her subway rides,she doesn't pay for her subway rides,"Jane takes the subway all the time to get around the city.
Question: Based on this, is it likely or unlikely that she pays for her subway rides?
(A) Likely
(B) Unlikely
Answer with the letter only.
Answer:","{'A': 'likely', 'B': 'unlikely'}",likely,A,"{'option_a': ' A', 'score_a': -0.42508357763290405, 'option_b': ' B', 'score_b': -1.8009212017059326}",True,,1
pretrained,allenai/OLMo-2-1124-7B,4,Jane,baseline_ordinary,inference_derivation,she pays for her subway rides,she doesn't pay for her subway rides,"Jane takes the subway all the time to get around the city. Today she was entering a subway station when she ran into her friend Don, and they took the train together as they were heading in the same direction. Later that day, Don ran into Beth, Jane's sister, on the street.
Don said to Beth: ""I took a train with Jane today. She almost fell off the platform.""
Question: Based on this conversation, is it likely or unlikely that she doesn't pay for her subway rides?
(A) Unlikely
(B) Likely
Answer with the letter only.
Answer:","{'A': 'unlikely', 'B': 'likely'}",unlikely,A,"{'option_a': ' A', 'score_a': -1.3178033828735352, 'option_b': ' B', 'score_b': -1.9656519889831543}",True,,0
pretrained,allenai/OLMo-2-1124-7B,4,Jane,baseline_wonky,script_knowledge,she pays for her subway rides,she doesn't pay for her subway rides,"Jane takes the subway all the time to get around the city, but rarely pays for her rides.
Question: Based on this, is it likely or unlikely that she pays for her subway rides?
(A) Likely
(B) Unlikely
Answer with the letter only.
Answer:","{'A': 'likely', 'B': 'unlikely'}",likely,A,"{'option_a': ' A', 'score_a': -0.4639872908592224, 'option_b': ' B', 'score_b': -1.7377498149871826}",True,,1
pretrained,allenai/OLMo-2-1124-7B,4,Jane,baseline_wonky,inference_derivation,she pays for her subway rides,she doesn't pay for her subway rides,"Jane takes the subway all the time to get around the city, but rarely pays for her rides. Today she was entering a subway station when she ran into her friend Don, and they took the train together as they were heading in the same direction. Later that day, Don ran into Beth, Jane's sister, on the street.
Don said to Beth: ""I took a train with Jane today. She almost fell off the platform.""
Question: Based on this conversation, is it likely or unlikely that she doesn't pay for her subway rides?
(A) Unlikely
(B) Likely
Answer with the letter only.
Answer:","{'A': 'unlikely', 'B': 'likely'}",unlikely,A,"{'option_a': ' A', 'score_a': -1.4451024532318115, 'option_b': ' B', 'score_b': -1.9999923706054688}",True,,0
pretrained,allenai/OLMo-2-1124-7B,5,Rick,critical,script_knowledge,he pays attention to what he's doing when he fuels up,he doesn't pay attention to what he's doing when he fuels up,"Rick prefers to go to the local gas station to fuel up, though they overcharge him.
Question: Based on this, is it likely or unlikely that he pays attention to what he's doing when he fuels up?
(A) Unlikely
(B) Likely
Answer with the letter only.
Answer:","{'A': 'unlikely', 'B': 'likely'}",likely,B,"{'option_a': ' A', 'score_a': -1.0933191776275635, 'option_b': ' B', 'score_b': -1.0719630718231201}",True,,1
pretrained,allenai/OLMo-2-1124-7B,5,Rick,critical,inference_derivation,he pays attention to what he's doing when he fuels up,he doesn't pay attention to what he's doing when he fuels up,"Rick prefers to go to the local gas station to fuel up, though they overcharge him. Yesterday he was fueling up there when he saw his friend Annie. They talked until he was finished, then said goodbye. After he was gone Annie went inside to buy some cigarettes, and ran into Sean, a mutual friend of theirs.
Annie said to Sean: ""Rick just fueled up here. He closed the fuel cap.""
Question: Based on this conversation, is it likely or unlikely that he doesn't pay attention to what he's doing when he fuels up?
(A) Likely
(B) Unlikely
Answer with the letter only.
Answer:","{'A': 'likely', 'B': 'unlikely'}",likely,A,"{'option_a': ' A', 'score_a': -0.6998417973518372, 'option_b': ' B', 'score_b': -1.4578781127929688}",True,,1
pretrained,allenai/OLMo-2-1124-7B,5,Rick,resolved,script_knowledge,he pays attention to what he's doing when he fuels up,he doesn't pay attention to what he's doing when he fuels up,"Rick often doesn't pay attention to what he's doing when he fuels up at the local gas station.
Question: Based on this, is it likely or unlikely that he pays attention to what he's doing when he fuels up?
(A) Unlikely
(B) Likely
Answer with the letter only.
Answer:","{'A': 'unlikely', 'B': 'likely'}",unlikely,A,"{'option_a': ' A', 'score_a': -1.3669434785842896, 'option_b': ' B', 'score_b': -1.9186631441116333}",True,,0
pretrained,allenai/OLMo-2-1124-7B,5,Rick,resolved,inference_derivation,he pays attention to what he's doing when he fuels up,he doesn't pay attention to what he's doing when he fuels up,"Rick often doesn't pay attention to what he's doing when he fuels up at the local gas station. Yesterday he was fueling up there when he saw his friend Annie. They talked until he was finished, then said goodbye. After he was gone Annie went inside to buy some cigarettes, and ran into Sean, a mutual friend of theirs.
Annie said to Sean: ""Rick just fueled up here. He closed the fuel cap.""
Question: Based on this conversation, is it likely or unlikely that he doesn't pay attention to what he's doing when he fuels up?
(A) Likely
(B) Unlikely
Answer with the letter only.
Answer:","{'A': 'likely', 'B': 'unlikely'}",likely,A,"{'option_a': ' A', 'score_a': -0.24612917006015778, 'option_b': ' B', 'score_b': -3.362602949142456}",True,,1
pretrained,allenai/OLMo-2-1124-7B,5,Rick,baseline_ordinary,script_knowledge,he pays attention to what he's doing when he fuels up,he doesn't pay attention to what he's doing when he fuels up,"Rick prefers to go to the local gas station to fuel up, though they overcharge him.
Question: Based on this, is it likely or unlikely that he pays attention to what he's doing when he fuels up?
(A) Unlikely
(B) Likely
Answer with the letter only.
Answer:","{'A': 'unlikely', 'B': 'likely'}",likely,B,"{'option_a': ' A', 'score_a': -1.0933191776275635, 'option_b': ' B', 'score_b': -1.0719630718231201}",True,,1
pretrained,allenai/OLMo-2-1124-7B,5,Rick,baseline_ordinary,inference_derivation,he pays attention to what he's doing when he fuels up,he doesn't pay attention to what he's doing when he fuels up,"Rick prefers to go to the local gas station to fuel up, though they overcharge him. Yesterday he was fueling up there when he saw his friend Annie. They talked until he was finished, then said goodbye. After he was gone Annie went inside to buy some cigarettes, and ran into Sean, a mutual friend of theirs.
Annie said to Sean: ""Rick just fueled up here. He got some discounted gas.""
Question: Based on this conversation, is it likely or unlikely that he doesn't pay attention to what he's doing when he fuels up?
(A) Likely
(B) Unlikely
Answer with the letter only.
Answer:","{'A': 'likely', 'B': 'unlikely'}",likely,A,"{'option_a': ' A', 'score_a': -1.0670205354690552, 'option_b': ' B', 'score_b': -1.2112683057785034}",True,,1
pretrained,allenai/OLMo-2-1124-7B,5,Rick,baseline_wonky,script_knowledge,he pays attention to what he's doing when he fuels up,he doesn't pay attention to what he's doing when he fuels up,"Rick often doesn't pay attention to what he's doing when he fuels up at the local gas station.
Question: Based on this, is it likely or unlikely that he pays attention to what he's doing when he fuels up?
(A) Unlikely
(B) Likely
Answer with the letter only.
Answer:","{'A': 'unlikely', 'B': 'likely'}",unlikely,A,"{'option_a': ' A', 'score_a': -1.3669434785842896, 'option_b': ' B', 'score_b': -1.9186631441116333}",True,,0
pretrained,allenai/OLMo-2-1124-7B,5,Rick,baseline_wonky,inference_derivation,he pays attention to what he's doing when he fuels up,he doesn't pay attention to what he's doing when he fuels up,"Rick often doesn't pay attention to what he's doing when he fuels up at the local gas station. Yesterday he was fueling up there when he saw his friend Annie. They talked until he was finished, then said goodbye. After he was gone Annie went inside to buy some cigarettes, and ran into Sean, a mutual friend of theirs.
Annie said to Sean: ""Rick just fueled up here. He got some discounted gas.""
Question: Based on this conversation, is it likely or unlikely that he doesn't pay attention to what he's doing when he fuels up?
(A) Unlikely
(B) Likely
Answer with the letter only.
Answer:","{'A': 'unlikely', 'B': 'likely'}",likely,B,"{'option_a': ' A', 'score_a': -1.163751244544983, 'option_b': ' B', 'score_b': -1.146840214729309}",True,,1
pretrained,allenai/OLMo-2-1124-7B,6,Lisa,critical,script_knowledge,she remembers to bring the things she needs when swimming,she often forgets to bring the things she needs,"Lisa likes to go swimming at a nearby pool after work.
Question: Based on this, is it likely or unlikely that she remembers to bring the things she needs when swimming?
(A) Likely
(B) Unlikely
Answer with the letter only.
Answer:","{'A': 'likely', 'B': 'unlikely'}",likely,A,"{'option_a': ' A', 'score_a': -0.13459794223308563, 'option_b': ' B', 'score_b': -2.6799378395080566}",True,,1
pretrained,allenai/OLMo-2-1124-7B,6,Lisa,critical,inference_derivation,she remembers to bring the things she needs when swimming,she often forgets to bring the things she needs,"Lisa likes to go swimming at a nearby pool after work. A couple days ago she was at the pool when she saw Harvey, another regular member, and they stopped to chat. After Harvey changed and went out into the pool area, he ran into Jen, another swimmer and a friend of Lisa's.
Harvey said to Jen: ""Lisa's here to swim, too. She brought her swimsuit.""
Question: Based on this conversation, is it likely or unlikely that she often forgets to bring the things she needs?
(A) Unlikely
(B) Likely
Answer with the letter only.
Answer:","{'A': 'unlikely', 'B': 'likely'}",unlikely,A,"{'option_a': ' A', 'score_a': -0.9403641223907471, 'option_b': ' B', 'score_b': -1.634572148323059}",True,,0
pretrained,allenai/OLMo-2-1124-7B,6,Lisa,resolved,script_knowledge,she remembers to bring the things she needs when swimming,she often forgets to bring the things she needs,"Lisa likes to go swimming regularly, but often forgets to bring the things she needs.
Question: Based on this, is it likely or unlikely that she remembers to bring the things she needs when swimming?
(A) Likely
(B) Unlikely
Answer with the letter only.
Answer:","{'A': 'likely', 'B': 'unlikely'}",likely,A,"{'option_a': ' A', 'score_a': -0.6733484268188477, 'option_b': ' B', 'score_b': -1.7016913890838623}",True,,1
pretrained,allenai/OLMo-2-1124-7B,6,Lisa,resolved,inference_derivation,she remembers to bring the things she needs when swimming,she often forgets to bring the things she needs,"Lisa likes to go swimming regularly, but often forgets to bring the things she needs. A couple days ago she was at the pool when she saw Harvey, another regular member, and they stopped to chat. After Harvey changed and went out into the pool area, he ran into Jen, another swimmer and a friend of Lisa's.
Harvey said to Jen: ""Lisa's here to swim, too. She brought her swimsuit.""
Question: Based on this conversation, is it likely or unlikely that she often forgets to bring the things she needs?
(A) Unlikely
(B) Likely
Answer with the letter only.
Answer:","{'A': 'unlikely', 'B': 'likely'}",likely,B,"{'option_a': ' A', 'score_a': -1.5691503286361694, 'option_b': ' B', 'score_b': -1.4747816324234009}",True,,1
pretrained,allenai/OLMo-2-1124-7B,6,Lisa,baseline_ordinary,script_knowledge,she remembers to bring the things she needs when swimming,she often forgets to bring the things she needs,"Lisa likes to go swimming at a nearby pool after work.
Question: Based on this, is it likely or unlikely that she remembers to bring the things she needs when swimming?
(A) Unlikely
(B) Likely
Answer with the letter only.
Answer:","{'A': 'unlikely', 'B': 'likely'}",likely,B,"{'option_a': ' A', 'score_a': -1.092553734779358, 'option_b': ' B', 'score_b': -0.9093270301818848}",True,,1
pretrained,allenai/OLMo-2-1124-7B,6,Lisa,baseline_ordinary,inference_derivation,she remembers to bring the things she needs when swimming,she often forgets to bring the things she needs,"Lisa likes to go swimming at a nearby pool after work. A couple days ago she was at the pool when she saw Harvey, another regular member, and they stopped to chat. After Harvey changed and went out into the pool area, he ran into Jen, another swimmer and a friend of Lisa's.
Harvey said to Jen: ""Lisa's here to swim, too. She came with her children.""
Question: Based on this conversation, is it likely or unlikely that she often forgets to bring the things she needs?
(A) Unlikely
(B) Likely
Answer with the letter only.
Answer:","{'A': 'unlikely', 'B': 'likely'}",unlikely,A,"{'option_a': ' A', 'score_a': -1.064516305923462, 'option_b': ' B', 'score_b': -1.58951735496521}",True,,0
pretrained,allenai/OLMo-2-1124-7B,6,Lisa,baseline_wonky,script_knowledge,she remembers to bring the things she needs when swimming,she often forgets to bring the things she needs,"Lisa likes to go swimming regularly, but often forgets to bring the things she needs.
Question: Based on this, is it likely or unlikely that she remembers to bring the things she needs when swimming?
(A) Likely
(B) Unlikely
Answer with the letter only.
Answer:","{'A': 'likely', 'B': 'unlikely'}",likely,A,"{'option_a': ' A', 'score_a': -0.6733484268188477, 'option_b': ' B', 'score_b': -1.7016913890838623}",True,,1
pretrained,allenai/OLMo-2-1124-7B,6,Lisa,baseline_wonky,inference_derivation,she remembers to bring the things she needs when swimming,she often forgets to bring the things she needs,"Lisa likes to go swimming regularly, but often forgets to bring the things she needs. A couple days ago she was at the pool when she saw Harvey, another regular member, and they stopped to chat. After Harvey changed and went out into the pool area, he ran into Jen, another swimmer and a friend of Lisa's.
Harvey said to Jen: ""Lisa's here to swim, too. She came with her children.""
Question: Based on this conversation, is it likely or unlikely that she often forgets to bring the things she needs?
(A) Likely
(B) Unlikely
Answer with the letter only.
Answer:","{'A': 'likely', 'B': 'unlikely'}",likely,A,"{'option_a': ' A', 'score_a': -0.5752013921737671, 'option_b': ' B', 'score_b': -3.1636910438537598}",True,,1
pretrained,allenai/OLMo-2-1124-7B,7,Brian,critical,script_knowledge,he gets off at his stop on the train,he often misses his stop on the train,"Brian takes the train most mornings, though the commute takes a long time.
Question: Based on this, is it likely or unlikely that he gets off at his stop on the train?
(A) Likely
(B) Unlikely
Answer with the letter only.
Answer:","{'A': 'likely', 'B': 'unlikely'}",likely,A,"{'option_a': ' A', 'score_a': -0.14446407556533813, 'option_b': ' B', 'score_b': -2.9788105487823486}",True,,1
pretrained,allenai/OLMo-2-1124-7B,7,Brian,critical,inference_derivation,he gets off at his stop on the train,he often misses his stop on the train,"Brian takes the train most mornings, though the commute takes a long time. Last week when he was getting on the train, he ran into his old colleague Rachel, and they chatted until Brian got off. When Rachel got to work, she saw Oliver, who also used to work with Brian.
Rachel said to Oliver: ""I saw Brian on the train this morning. He got off at his stop.""
Question: Based on this conversation, is it likely or unlikely that he often misses his stop on the train?
(A) Likely
(B) Unlikely
Answer with the letter only.
Answer:","{'A': 'likely', 'B': 'unlikely'}",likely,A,"{'option_a': ' A', 'score_a': -1.0298125743865967, 'option_b': ' B', 'score_b': -1.9893033504486084}",True,,1
pretrained,allenai/OLMo-2-1124-7B,7,Brian,resolved,script_knowledge,he gets off at his stop on the train,he often misses his stop on the train,"Brian takes the train most mornings, though he has a terrible habit of getting distracted and missing his stop.
Question: Based on this, is it likely or unlikely that he gets off at his stop on the train?
(A) Likely
(B) Unlikely
Answer with the letter only.
Answer:","{'A': 'likely', 'B': 'unlikely'}",likely,A,"{'option_a': ' A', 'score_a': -0.19001173973083496, 'option_b': ' B', 'score_b': -2.6211488246917725}",True,,1
pretrained,allenai/OLMo-2-1124-7B,7,Brian,resolved,inference_derivation,he gets off at his stop on the train,he often misses his stop on the train,"Brian takes the train most mornings, though he has a terrible habit of getting distracted and missing his stop. Last week when he was getting on the train, he ran into his old colleague Rachel, and they chatted until Brian got off. When Rachel got to work, she saw Oliver, who also used to work with Brian.
Rachel said to Oliver: ""I saw Brian on the train this morning. He got off at his stop.""
Question: Based on this conversation, is it likely or unlikely that he often misses his stop on the train?
(A) Likely
(B) Unlikely
Answer with the letter only.
Answer:","{'A': 'likely', 'B': 'unlikely'}",likely,A,"{'option_a': ' A', 'score_a': -0.3539244532585144, 'option_b': ' B', 'score_b': -2.48349928855896}",True,,1
pretrained,allenai/OLMo-2-1124-7B,7,Brian,baseline_ordinary,script_knowledge,he gets off at his stop on the train,he often misses his stop on the train,"Brian takes the train most mornings, though the commute takes a long time.
Question: Based on this, is it likely or unlikely that he gets off at his stop on the train?
(A) Unlikely
(B) Likely
Answer with the letter only.
Answer:","{'A': 'unlikely', 'B': 'likely'}",likely,B,"{'option_a': ' A', 'score_a': -0.9783143997192383, 'option_b': ' B', 'score_b': -0.6521358489990234}",True,,1
pretrained,allenai/OLMo-2-1124-7B,7,Brian,baseline_ordinary,inference_derivation,he gets off at his stop on the train,he often misses his stop on the train,"Brian takes the train most mornings, though the commute takes a long time. Last week when he was getting on the train, he ran into his old colleague Rachel, and they chatted until Brian got off. When Rachel got to work, she saw Oliver, who also used to work with Brian.
Rachel said to Oliver: ""I saw Brian on the train this morning. He was running late to work.""
Question: Based on this conversation, is it likely or unlikely that he often misses his stop on the train?
(A) Unlikely
(B) Likely
Answer with the letter only.
Answer:","{'A': 'unlikely', 'B': 'likely'}",unlikely,A,"{'option_a': ' A', 'score_a': -0.9988938570022583, 'option_b': ' B', 'score_b': -1.2636140584945679}",True,,0
pretrained,allenai/OLMo-2-1124-7B,7,Brian,baseline_wonky,script_knowledge,he gets off at his stop on the train,he often misses his stop on the train,"Brian takes the train most mornings, though he has a terrible habit of getting distracted and missing his stop.
Question: Based on this, is it likely or unlikely that he gets off at his stop on the train?
(A) Unlikely
(B) Likely
Answer with the letter only.
Answer:","{'A': 'unlikely', 'B': 'likely'}",unlikely,A,"{'option_a': ' A', 'score_a': -0.8516262769699097, 'option_b': ' B', 'score_b': -1.0642162561416626}",True,,0
pretrained,allenai/OLMo-2-1124-7B,7,Brian,baseline_wonky,inference_derivation,he gets off at his stop on the train,he often misses his stop on the train,"Brian takes the train most mornings, though he has a terrible habit of getting distracted and missing his stop. Last week when he was getting on the train, he ran into his old colleague Rachel, and they chatted until Brian got off. When Rachel got to work, she saw Oliver, who also used to work with Brian.
Rachel said to Oliver: ""I saw Brian on the train this morning. He was running late to work.""
Question: Based on this conversation, is it likely or unlikely that he often misses his stop on the train?
(A) Likely
(B) Unlikely
Answer with the letter only.
Answer:","{'A': 'likely', 'B': 'unlikely'}",likely,A,"{'option_a': ' A', 'score_a': -0.32947900891304016, 'option_b': ' B', 'score_b': -2.388317823410034}",True,,1
pretrained,allenai/OLMo-2-1124-7B,8,Laura,critical,script_knowledge,she remembers her things when leaving the house,she is scatter-brained in everyday life,"Laura works as a software engineer at a large company.
Question: Based on this, is it likely or unlikely that she remembers her things when leaving the house?
(A) Likely
(B) Unlikely
Answer with the letter only.
Answer:","{'A': 'likely', 'B': 'unlikely'}",likely,A,"{'option_a': ' A', 'score_a': -0.3646338880062103, 'option_b': ' B', 'score_b': -1.7188141345977783}",True,,1
pretrained,allenai/OLMo-2-1124-7B,8,Laura,critical,inference_derivation,she remembers her things when leaving the house,she is scatter-brained in everyday life,"Laura works as a software engineer at a large company. A couple of days ago she was getting ready to leave for work together with her husband Dustin. After they both left the house, he ran to catch his bus, and met up with Courtney, an acquaintance who took the same bus with him every day.
Dustin said to Courtney: ""Laura was just getting ready for work with me. She grabbed her house keys.""
Question: Based on this conversation, is it likely or unlikely that she is scatter-brained in everyday life?
(A) Likely
(B) Unlikely
Answer with the letter only.
Answer:","{'A': 'likely', 'B': 'unlikely'}",likely,A,"{'option_a': ' A', 'score_a': -0.5518664121627808, 'option_b': ' B', 'score_b': -1.6610356569290161}",True,,1
pretrained,allenai/OLMo-2-1124-7B,8,Laura,resolved,script_knowledge,she remembers her things when leaving the house,she is scatter-brained in everyday life,"Laura works as a software engineer at a large company, but is scatter-brained in everyday life.
Question: Based on this, is it likely or unlikely that she remembers her things when leaving the house?
(A) Unlikely
(B) Likely
Answer with the letter only.
Answer:","{'A': 'unlikely', 'B': 'likely'}",unlikely,A,"{'option_a': ' A', 'score_a': -0.9429490566253662, 'option_b': ' B', 'score_b': -0.9920828342437744}",True,,0
pretrained,allenai/OLMo-2-1124-7B,8,Laura,resolved,inference_derivation,she remembers her things when leaving the house,she is scatter-brained in everyday life,"Laura works as a software engineer at a large company, but is scatter-brained in everyday life. A couple of days ago she was getting ready to leave for work together with her husband Dustin. After they both left the house, he ran to catch his bus, and met up with Courtney, an acquaintance who took the same bus with him every day.
Dustin said to Courtney: ""Laura was just getting ready for work with me. She grabbed her house keys.""
Question: Based on this conversation, is it likely or unlikely that she is scatter-brained in everyday life?
(A) Unlikely
(B) Likely
Answer with the letter only.
Answer:","{'A': 'unlikely', 'B': 'likely'}",likely,B,"{'option_a': ' A', 'score_a': -1.7724881172180176, 'option_b': ' B', 'score_b': -1.0816712379455566}",True,,1
pretrained,allenai/OLMo-2-1124-7B,8,Laura,baseline_ordinary,script_knowledge,she remembers her things when leaving the house,she is scatter-brained in everyday life,"Laura works as a software engineer at a large company.
Question: Based on this, is it likely or unlikely that she remembers her things when leaving the house?
(A) Unlikely
(B) Likely
Answer with the letter only.
Answer:","{'A': 'unlikely', 'B': 'likely'}",likely,B,"{'option_a': ' A', 'score_a': -0.9072088599205017, 'option_b': ' B', 'score_b': -0.6894901394844055}",True,,1
pretrained,allenai/OLMo-2-1124-7B,8,Laura,baseline_ordinary,inference_derivation,she remembers her things when leaving the house,she is scatter-brained in everyday life,"Laura works as a software engineer at a large company. A couple of days ago she was getting ready to leave for work together with her husband Dustin. After they both left the house, he ran to catch his bus, and met up with Courtney, an acquaintance who took the same bus with him every day.
Dustin said to Courtney: ""Laura was just getting ready for work with me. She put on several layers of clothing.""
Question: Based on this conversation, is it likely or unlikely that she is scatter-brained in everyday life?
(A) Likely
(B) Unlikely
Answer with the letter only.
Answer:","{'A': 'likely', 'B': 'unlikely'}",likely,A,"{'option_a': ' A', 'score_a': -0.5692934393882751, 'option_b': ' B', 'score_b': -1.2300426959991455}",True,,1
pretrained,allenai/OLMo-2-1124-7B,8,Laura,baseline_wonky,script_knowledge,she remembers her things when leaving the house,she is scatter-brained in everyday life,"Laura works as a software engineer at a large company, but is scatter-brained in everyday life.
Question: Based on this, is it likely or unlikely that she remembers her things when leaving the house?
(A) Likely
(B) Unlikely
Answer with the letter only.
Answer:","{'A': 'likely', 'B': 'unlikely'}",likely,A,"{'option_a': ' A', 'score_a': -0.23515097796916962, 'option_b': ' B', 'score_b': -1.8850616216659546}",True,,1
pretrained,allenai/OLMo-2-1124-7B,8,Laura,baseline_wonky,inference_derivation,she remembers her things when leaving the house,she is scatter-brained in everyday life,"Laura works as a software engineer at a large company, but is scatter-brained in everyday life. A couple of days ago she was getting ready to leave for work together with her husband Dustin. After they both left the house, he ran to catch his bus, and met up with Courtney, an acquaintance who took the same bus with him every day.
Dustin said to Courtney: ""Laura was just getting ready for work with me. She put on several layers of clothing.""
Question: Based on this conversation, is it likely or unlikely that she is scatter-brained in everyday life?
(A) Unlikely
(B) Likely
Answer with the letter only.
Answer:","{'A': 'unlikely', 'B': 'likely'}",likely,B,"{'option_a': ' A', 'score_a': -1.0708667039871216, 'option_b': ' B', 'score_b': -1.0225549936294556}",True,,1
pretrained,allenai/OLMo-2-1124-7B,9,Bruce,critical,script_knowledge,he gets examined by the doctor at the medical practice,"he usually only sees the nurse, not the doctor","Bruce goes to his local medical practice every few years.
Question: Based on this, is it likely or unlikely that he gets examined by the doctor at the medical practice?
(A) Likely
(B) Unlikely
Answer with the letter only.
Answer:","{'A': 'likely', 'B': 'unlikely'}",likely,A,"{'option_a': ' A', 'score_a': -0.2909184992313385, 'option_b': ' B', 'score_b': -1.8253790140151978}",True,,1
pretrained,allenai/OLMo-2-1124-7B,9,Bruce,critical,inference_derivation,he gets examined by the doctor at the medical practice,"he usually only sees the nurse, not the doctor","Bruce goes to his local medical practice every few years. Yesterday after leaving the practice he ran into his friend Sarah on the street, and they stopped to catch up. After they parted, Sarah walked on and soon saw Bruce's brother Drake on the street. She stopped to say Hi.
Sarah said to Drake: ""Bruce was just leaving the medical practice. He got examined by the doctor.""
Question: Based on this conversation, is it likely or unlikely that he usually only sees the nurse, not the doctor?
(A) Unlikely
(B) Likely
Answer with the letter only.
Answer:","{'A': 'unlikely', 'B': 'likely'}",unlikely,A,"{'option_a': ' A', 'score_a': -0.9307457208633423, 'option_b': ' B', 'score_b': -1.380799651145935}",True,,0
pretrained,allenai/OLMo-2-1124-7B,9,Bruce,resolved,script_knowledge,he gets examined by the doctor at the medical practice,"he usually only sees the nurse, not the doctor","Bruce goes to his local medical practice every few years, but usually only sees the nurse.
Question: Based on this, is it likely or unlikely that he gets examined by the doctor at the medical practice?
(A) Unlikely
(B) Likely
Answer with the letter only.
Answer:","{'A': 'unlikely', 'B': 'likely'}",unlikely,A,"{'option_a': ' A', 'score_a': -0.7540409564971924, 'option_b': ' B', 'score_b': -0.9134170413017273}",True,,0
pretrained,allenai/OLMo-2-1124-7B,9,Bruce,resolved,inference_derivation,he gets examined by the doctor at the medical practice,"he usually only sees the nurse, not the doctor","Bruce goes to his local medical practice every few years, but usually only sees the nurse. Yesterday after leaving the practice he ran into his friend Sarah on the street, and they stopped to catch up. After they parted, Sarah walked on and soon saw Bruce's brother Drake on the street. She stopped to say Hi.
Sarah said to Drake: ""Bruce was just leaving the medical practice. He got examined by the doctor.""
Question: Based on this conversation, is it likely or unlikely that he usually only sees the nurse, not the doctor?
(A) Unlikely
(B) Likely
Answer with the letter only.
Answer:","{'A': 'unlikely', 'B': 'likely'}",unlikely,A,"{'option_a': ' A', 'score_a': -1.0129804611206055, 'option_b': ' B', 'score_b': -1.772753119468689}",True,,0
pretrained,allenai/OLMo-2-1124-7B,9,Bruce,baseline_ordinary,script_knowledge,he gets examined by the doctor at the medical practice,"he usually only sees the nurse, not the doctor","Bruce goes to his local medical practice every few years.
Question: Based on this, is it likely or unlikely that he gets examined by the doctor at the medical practice?
(A) Likely
(B) Unlikely
Answer with the letter only.
Answer:","{'A': 'likely', 'B': 'unlikely'}",likely,A,"{'option_a': ' A', 'score_a': -0.2909184992313385, 'option_b': ' B', 'score_b': -1.8253790140151978}",True,,1
pretrained,allenai/OLMo-2-1124-7B,9,Bruce,baseline_ordinary,inference_derivation,he gets examined by the doctor at the medical practice,"he usually only sees the nurse, not the doctor","Bruce goes to his local medical practice every few years. Yesterday after leaving the practice he ran into his friend Sarah on the street, and they stopped to catch up. After they parted, Sarah walked on and soon saw Bruce's brother Drake on the street. She stopped to say Hi.
Sarah said to Drake: ""Bruce was just leaving the medical practice. He was wearing a heart rate monitor.""
Question: Based on this conversation, is it likely or unlikely that he usually only sees the nurse, not the doctor?
(A) Unlikely
(B) Likely
Answer with the letter only.
Answer:","{'A': 'unlikely', 'B': 'likely'}",unlikely,A,"{'option_a': ' A', 'score_a': -0.725532054901123, 'option_b': ' B', 'score_b': -1.520686388015747}",True,,0
pretrained,allenai/OLMo-2-1124-7B,9,Bruce,baseline_wonky,script_knowledge,he gets examined by the doctor at the medical practice,"he usually only sees the nurse, not the doctor","Bruce goes to his local medical practice every few years, but usually only sees the nurse.
Question: Based on this, is it likely or unlikely that he gets examined by the doctor at the medical practice?
(A) Likely
(B) Unlikely
Answer with the letter only.
Answer:","{'A': 'likely', 'B': 'unlikely'}",likely,A,"{'option_a': ' A', 'score_a': -0.41483598947525024, 'option_b': ' B', 'score_b': -1.7797441482543945}",True,,1
pretrained,allenai/OLMo-2-1124-7B,9,Bruce,baseline_wonky,inference_derivation,he gets examined by the doctor at the medical practice,"he usually only sees the nurse, not the doctor","Bruce goes to his local medical practice every few years, but usually only sees the nurse. Yesterday after leaving the practice he ran into his friend Sarah on the street, and they stopped to catch up. After they parted, Sarah walked on and soon saw Bruce's brother Drake on the street. She stopped to say Hi.
Sarah said to Drake: ""Bruce was just leaving the medical practice. He was wearing a heart rate monitor.""
Question: Based on this conversation, is it likely or unlikely that he usually only sees the nurse, not the doctor?
(A) Unlikely
(B) Likely
Answer with the letter only.
Answer:","{'A': 'unlikely', 'B': 'likely'}",unlikely,A,"{'option_a': ' A', 'score_a': -1.39125657081604, 'option_b': ' B', 'score_b': -1.7195217609405518}",True,,0
pretrained,allenai/OLMo-2-1124-7B,10,Olivia,critical,script_knowledge,she uses shampoo to wash her hair,"she uses a cleansing conditioner only, not shampoo","Olivia has beautiful hair, and pays a lot of attention to it.
Question: Based on this, is it likely or unlikely that she uses shampoo to wash her hair?
(A) Unlikely
(B) Likely
Answer with the letter only.
Answer:","{'A': 'unlikely', 'B': 'likely'}",likely,B,"{'option_a': ' A', 'score_a': -1.0026178359985352, 'option_b': ' B', 'score_b': -0.5908931493759155}",True,,1
pretrained,allenai/OLMo-2-1124-7B,10,Olivia,critical,inference_derivation,she uses shampoo to wash her hair,"she uses a cleansing conditioner only, not shampoo","Olivia has beautiful hair, and pays a lot of attention to it. Today, when she was leaving the bathroom after showering, she ran into her roommate and best friend Thomas. She talked to him briefly about her hair, as she tends to do. Later that day, when their housemate Jill came home, she and Thomas started talking about Olivia.
Thomas said to Jill: ""Olivia was talking to me about washing her hair. She used shampoo.""
Question: Based on this conversation, is it likely or unlikely that she uses a cleansing conditioner only, not shampoo?
(A) Likely
(B) Unlikely
Answer with the letter only.
Answer:","{'A': 'likely', 'B': 'unlikely'}",likely,A,"{'option_a': ' A', 'score_a': -1.9644941091537476, 'option_b': ' B', 'score_b': -3.157013416290283}",True,,1
pretrained,allenai/OLMo-2-1124-7B,10,Olivia,resolved,script_knowledge,she uses shampoo to wash her hair,"she uses a cleansing conditioner only, not shampoo","Olivia has beautiful hair, although she uses a cleansing conditioner only.
Question: Based on this, is it likely or unlikely that she uses shampoo to wash her hair?
(A) Unlikely
(B) Likely
Answer with the letter only.
Answer:","{'A': 'unlikely', 'B': 'likely'}",unlikely,A,"{'option_a': ' A', 'score_a': -0.961738109588623, 'option_b': ' B', 'score_b': -1.9747505187988281}",True,,0
pretrained,allenai/OLMo-2-1124-7B,10,Olivia,resolved,inference_derivation,she uses shampoo to wash her hair,"she uses a cleansing conditioner only, not shampoo","Olivia has beautiful hair, although she uses a cleansing conditioner only. Today, when she was leaving the bathroom after showering, she ran into her roommate and best friend Thomas. She talked to him briefly about her hair, as she tends to do. Later that day, when their housemate Jill came home, she and Thomas started talking about Olivia.
Thomas said to Jill: ""Olivia was talking to me about washing her hair. She used shampoo.""
Question: Based on this conversation, is it likely or unlikely that she uses a cleansing conditioner only, not shampoo?
(A) Unlikely
(B) Likely
Answer with the letter only.
Answer:","{'A': 'unlikely', 'B': 'likely'}",unlikely,A,"{'option_a': ' A', 'score_a': -2.859023332595825, 'option_b': ' B', 'score_b': -3.042005777359009}",True,,0
pretrained,allenai/OLMo-2-1124-7B,10,Olivia,baseline_ordinary,script_knowledge,she uses shampoo to wash her hair,"she uses a cleansing conditioner only, not shampoo","Olivia has beautiful hair, and pays a lot of attention to it.
Question: Based on this, is it likely or unlikely that she uses shampoo to wash her hair?
(A) Unlikely
(B) Likely
Answer with the letter only.
Answer:","{'A': 'unlikely', 'B': 'likely'}",likely,B,"{'option_a': ' A', 'score_a': -1.0026178359985352, 'option_b': ' B', 'score_b': -0.5908931493759155}",True,,1
pretrained,allenai/OLMo-2-1124-7B,10,Olivia,baseline_ordinary,inference_derivation,she uses shampoo to wash her hair,"she uses a cleansing conditioner only, not shampoo","Olivia has beautiful hair, and pays a lot of attention to it. Today, when she was leaving the bathroom after showering, she ran into her roommate and best friend Thomas. She talked to him briefly about her hair, as she tends to do. Later that day, when their housemate Jill came home, she and Thomas started talking about Olivia.
Thomas said to Jill: ""Olivia was talking to me about washing her hair. She found some split ends.""
Question: Based on this conversation, is it likely or unlikely that she uses a cleansing conditioner only, not shampoo?
(A) Unlikely
(B) Likely
Answer with the letter only.
Answer:","{'A': 'unlikely', 'B': 'likely'}",unlikely,A,"{'option_a': ' A', 'score_a': -2.0705442428588867, 'option_b': ' B', 'score_b': -2.703123092651367}",True,,0
pretrained,allenai/OLMo-2-1124-7B,10,Olivia,baseline_wonky,script_knowledge,she uses shampoo to wash her hair,"she uses a cleansing conditioner only, not shampoo","Olivia has beautiful hair, although she uses a cleansing conditioner only.
Question: Based on this, is it likely or unlikely that she uses shampoo to wash her hair?
(A) Likely
(B) Unlikely
Answer with the letter only.
Answer:","{'A': 'likely', 'B': 'unlikely'}",unlikely,B,"{'option_a': ' A', 'score_a': -1.119498610496521, 'option_b': ' B', 'score_b': -1.098840355873108}",True,,0
pretrained,allenai/OLMo-2-1124-7B,10,Olivia,baseline_wonky,inference_derivation,she uses shampoo to wash her hair,"she uses a cleansing conditioner only, not shampoo","Olivia has beautiful hair, although she uses a cleansing conditioner only. Today, when she was leaving the bathroom after showering, she ran into her roommate and best friend Thomas. She talked to him briefly about her hair, as she tends to do. Later that day, when their housemate Jill came home, she and Thomas started talking about Olivia.
Thomas said to Jill: ""Olivia was talking to me about washing her hair. She found some split ends.""
Question: Based on this conversation, is it likely or unlikely that she uses a cleansing conditioner only, not shampoo?
(A) Unlikely
(B) Likely
Answer with the letter only.
Answer:","{'A': 'unlikely', 'B': 'likely'}",likely,B,"{'option_a': ' A', 'score_a': -2.2440614700317383, 'option_b': ' B', 'score_b': -2.1774840354919434}",True,,1
pretrained,allenai/OLMo-2-1124-7B,11,Jared,critical,script_knowledge,he actually jumps out of the plane during skydiving courses,he is still terrified of heights,"Jared takes skydiving courses at the local airfield, when he has free time.
Question: Based on this, is it likely or unlikely that he actually jumps out of the plane during skydiving courses?
(A) Likely
(B) Unlikely
Answer with the letter only.
Answer:","{'A': 'likely', 'B': 'unlikely'}",likely,A,"{'option_a': ' A', 'score_a': -0.17140674591064453, 'option_b': ' B', 'score_b': -3.116750717163086}",True,,1
pretrained,allenai/OLMo-2-1124-7B,11,Jared,critical,inference_derivation,he actually jumps out of the plane during skydiving courses,he is still terrified of heights,"Jared takes skydiving courses at the local airfield, when he has free time. Last week he was at the skydiving center, with his friend Stella in the same group as him. They spent the day together, and when Stella went home in the evening, she texted Jared's brother Don, who was also a good friend of hers.
Stella said to Don: ""Jared was in the skydiving course today. He jumped out of the plane.""
Question: Based on this conversation, is it likely or unlikely that he is still terrified of heights?
(A) Likely
(B) Unlikely
Answer with the letter only.
Answer:","{'A': 'likely', 'B': 'unlikely'}",likely,A,"{'option_a': ' A', 'score_a': -0.4782252311706543, 'option_b': ' B', 'score_b': -1.4560096263885498}",True,,1
pretrained,allenai/OLMo-2-1124-7B,11,Jared,resolved,script_knowledge,he actually jumps out of the plane during skydiving courses,he is still terrified of heights,"Jared takes skydiving courses at the local airfield, although he is still terrified of heights.
Question: Based on this, is it likely or unlikely that he actually jumps out of the plane during skydiving courses?
(A) Unlikely
(B) Likely
Answer with the letter only.
Answer:","{'A': 'unlikely', 'B': 'likely'}",unlikely,A,"{'option_a': ' A', 'score_a': -1.0372291803359985, 'option_b': ' B', 'score_b': -1.1475160121917725}",True,,0
pretrained,allenai/OLMo-2-1124-7B,11,Jared,resolved,inference_derivation,he actually jumps out of the plane during skydiving courses,he is still terrified of heights,"Jared takes skydiving courses at the local airfield, although he is still terrified of heights. Last week he was at the skydiving center, with his friend Stella in the same group as him. They spent the day together, and when Stella went home in the evening, she texted Jared's brother Don, who was also a good friend of hers.
Stella said to Don: ""Jared was in the skydiving course today. He jumped out of the plane.""
Question: Based on this conversation, is it likely or unlikely that he is still terrified of heights?
(A) Likely
(B) Unlikely
Answer with the letter only.
Answer:","{'A': 'likely', 'B': 'unlikely'}",likely,A,"{'option_a': ' A', 'score_a': -0.6285160779953003, 'option_b': ' B', 'score_b': -2.501152515411377}",True,,1
pretrained,allenai/OLMo-2-1124-7B,11,Jared,baseline_ordinary,script_knowledge,he actually jumps out of the plane during skydiving courses,he is still terrified of heights,"Jared takes skydiving courses at the local airfield, when he has free time.
Question: Based on this, is it likely or unlikely that he actually jumps out of the plane during skydiving courses?
(A) Unlikely
(B) Likely
Answer with the letter only.
Answer:","{'A': 'unlikely', 'B': 'likely'}",likely,B,"{'option_a': ' A', 'score_a': -0.9549110531806946, 'option_b': ' B', 'score_b': -0.6535824537277222}",True,,1
pretrained,allenai/OLMo-2-1124-7B,11,Jared,baseline_ordinary,inference_derivation,he actually jumps out of the plane during skydiving courses,he is still terrified of heights,"Jared takes skydiving courses at the local airfield, when he has free time. Last week he was at the skydiving center, with his friend Stella in the same group as him. They spent the day together, and when Stella went home in the evening, she texted Jared's brother Don, who was also a good friend of hers.
Stella said to Don: ""Jared was in the skydiving course today. He was the first to jump.""
Question: Based on this conversation, is it likely or unlikely that he is still terrified of heights?
(A) Unlikely
(B) Likely
Answer with the letter only.
Answer:","{'A': 'unlikely', 'B': 'likely'}",unlikely,A,"{'option_a': ' A', 'score_a': -1.0452346801757812, 'option_b': ' B', 'score_b': -1.799987554550171}",True,,0
pretrained,allenai/OLMo-2-1124-7B,11,Jared,baseline_wonky,script_knowledge,he actually jumps out of the plane during skydiving courses,he is still terrified of heights,"Jared takes skydiving courses at the local airfield, although he is still terrified of heights.
Question: Based on this, is it likely or unlikely that he actually jumps out of the plane during skydiving courses?
(A) Unlikely
(B) Likely
Answer with the letter only.
Answer:","{'A': 'unlikely', 'B': 'likely'}",unlikely,A,"{'option_a': ' A', 'score_a': -1.0372291803359985, 'option_b': ' B', 'score_b': -1.1475160121917725}",True,,0
pretrained,allenai/OLMo-2-1124-7B,11,Jared,baseline_wonky,inference_derivation,he actually jumps out of the plane during skydiving courses,he is still terrified of heights,"Jared takes skydiving courses at the local airfield, although he is still terrified of heights. Last week he was at the skydiving center, with his friend Stella in the same group as him. They spent the day together, and when Stella went home in the evening, she texted Jared's brother Don, who was also a good friend of hers.
Stella said to Don: ""Jared was in the skydiving course today. He was the first to jump.""
Question: Based on this conversation, is it likely or unlikely that he is still terrified of heights?
(A) Likely
(B) Unlikely
Answer with the letter only.
Answer:","{'A': 'likely', 'B': 'unlikely'}",likely,A,"{'option_a': ' A', 'score_a': -0.7093837857246399, 'option_b': ' B', 'score_b': -3.264801263809204}",True,,1
pretrained,allenai/OLMo-2-1124-7B,12,Amy,critical,script_knowledge,she mails the letters she writes,she keeps her letters rather than mailing them,"Amy enjoys writing letters to people she is close to, especially around holidays.
Question: Based on this, is it likely or unlikely that she mails the letters she writes?
(A) Unlikely
(B) Likely
Answer with the letter only.
Answer:","{'A': 'unlikely', 'B': 'likely'}",likely,B,"{'option_a': ' A', 'score_a': -2.815680503845215, 'option_b': ' B', 'score_b': -0.3944060206413269}",True,,1
pretrained,allenai/OLMo-2-1124-7B,12,Amy,critical,inference_derivation,she mails the letters she writes,she keeps her letters rather than mailing them,"Amy enjoys writing letters to people she is close to, especially around holidays. About two days ago, she wrote a letter to her cousin Michelle, and today she talked about it with her brother Steve. In the evening, Steve got a call from Michelle, and they started talking about family.
Steve said to Michelle: ""Amy wrote you a letter. She mailed it.""
Question: Based on this conversation, is it likely or unlikely that she keeps her letters rather than mailing them?
(A) Unlikely
(B) Likely
Answer with the letter only.
Answer:","{'A': 'unlikely', 'B': 'likely'}",unlikely,A,"{'option_a': ' A', 'score_a': -1.2130292654037476, 'option_b': ' B', 'score_b': -1.3507603406906128}",True,,0
pretrained,allenai/OLMo-2-1124-7B,12,Amy,resolved,script_knowledge,she mails the letters she writes,she keeps her letters rather than mailing them,"Amy enjoys writing letters to people she is close to, but prefers to keep them to herself rather than mailing them.
Question: Based on this, is it likely or unlikely that she mails the letters she writes?
(A) Likely
(B) Unlikely
Answer with the letter only.
Answer:","{'A': 'likely', 'B': 'unlikely'}",likely,A,"{'option_a': ' A', 'score_a': -0.7580799460411072, 'option_b': ' B', 'score_b': -1.6730082035064697}",True,,1
pretrained,allenai/OLMo-2-1124-7B,12,Amy,resolved,inference_derivation,she mails the letters she writes,she keeps her letters rather than mailing them,"Amy enjoys writing letters to people she is close to, but prefers to keep them to herself rather than mailing them. About two days ago, she wrote a letter to her cousin Michelle, and today she talked about it with her brother Steve. In the evening, Steve got a call from Michelle, and they started talking about family.
Steve said to Michelle: ""Amy wrote you a letter. She mailed it.""
Question: Based on this conversation, is it likely or unlikely that she keeps her letters rather than mailing them?
(A) Unlikely
(B) Likely
Answer with the letter only.
Answer:","{'A': 'unlikely', 'B': 'likely'}",likely,B,"{'option_a': ' A', 'score_a': -1.7673935890197754, 'option_b': ' B', 'score_b': -1.6185994148254395}",True,,1
pretrained,allenai/OLMo-2-1124-7B,12,Amy,baseline_ordinary,script_knowledge,she mails the letters she writes,she keeps her letters rather than mailing them,"Amy enjoys writing letters to people she is close to, especially around holidays.
Question: Based on this, is it likely or unlikely that she mails the letters she writes?
(A) Likely
(B) Unlikely
Answer with the letter only.
Answer:","{'A': 'likely', 'B': 'unlikely'}",likely,A,"{'option_a': ' A', 'score_a': -0.12230750918388367, 'option_b': ' B', 'score_b': -3.1545796394348145}",True,,1
pretrained,allenai/OLMo-2-1124-7B,12,Amy,baseline_ordinary,inference_derivation,she mails the letters she writes,she keeps her letters rather than mailing them,"Amy enjoys writing letters to people she is close to, especially around holidays. About two days ago, she wrote a letter to her cousin Michelle, and today she talked about it with her brother Steve. In the evening, Steve got a call from Michelle, and they started talking about family.
Steve said to Michelle: ""Amy wrote you a letter. She used really expensive stationery.""
Question: Based on this conversation, is it likely or unlikely that she keeps her letters rather than mailing them?
(A) Likely
(B) Unlikely
Answer with the letter only.
Answer:","{'A': 'likely', 'B': 'unlikely'}",likely,A,"{'option_a': ' A', 'score_a': -0.5327644944190979, 'option_b': ' B', 'score_b': -2.058870792388916}",True,,1
pretrained,allenai/OLMo-2-1124-7B,12,Amy,baseline_wonky,script_knowledge,she mails the letters she writes,she keeps her letters rather than mailing them,"Amy enjoys writing letters to people she is close to, but prefers to keep them to herself rather than mailing them.
Question: Based on this, is it likely or unlikely that she mails the letters she writes?
(A) Unlikely
(B) Likely
Answer with the letter only.
Answer:","{'A': 'unlikely', 'B': 'likely'}",unlikely,A,"{'option_a': ' A', 'score_a': -0.8117780089378357, 'option_b': ' B', 'score_b': -1.491025686264038}",True,,0
pretrained,allenai/OLMo-2-1124-7B,12,Amy,baseline_wonky,inference_derivation,she mails the letters she writes,she keeps her letters rather than mailing them,"Amy enjoys writing letters to people she is close to, but prefers to keep them to herself rather than mailing them. About two days ago, she wrote a letter to her cousin Michelle, and today she talked about it with her brother Steve. In the evening, Steve got a call from Michelle, and they started talking about family.
Steve said to Michelle: ""Amy wrote you a letter. She used really expensive stationery.""
Question: Based on this conversation, is it likely or unlikely that she keeps her letters rather than mailing them?
(A) Likely
(B) Unlikely
Answer with the letter only.
Answer:","{'A': 'likely', 'B': 'unlikely'}",likely,A,"{'option_a': ' A', 'score_a': -0.47612613439559937, 'option_b': ' B', 'score_b': -3.259302854537964}",True,,1
pretrained,allenai/OLMo-2-1124-7B,13,Adam,critical,script_knowledge,he walks to the bus stop,he bikes to the bus stop rather than walking,"Adam usually takes the bus to work, as the stop is a few blocks from his house.
Question: Based on this, is it likely or unlikely that he walks to the bus stop?
(A) Unlikely
(B) Likely
Answer with the letter only.
Answer:","{'A': 'unlikely', 'B': 'likely'}",unlikely,A,"{'option_a': ' A', 'score_a': -0.7904072403907776, 'option_b': ' B', 'score_b': -1.0568318367004395}",True,,0
pretrained,allenai/OLMo-2-1124-7B,13,Adam,critical,inference_derivation,he walks to the bus stop,he bikes to the bus stop rather than walking,"Adam usually takes the bus to work, as the stop is a few blocks from his house. Last week, after he got off the bus, he ran into Virginia, his ex-girlfriend. They stopped for a little while to catch up.
Adam said to Virginia: ""I took the bus this morning. I walked to the bus stop.""
Question: Based on this conversation, is it likely or unlikely that he bikes to the bus stop rather than walking?
(A) Unlikely
(B) Likely
Answer with the letter only.
Answer:","{'A': 'unlikely', 'B': 'likely'}",unlikely,A,"{'option_a': ' A', 'score_a': -1.4160164594650269, 'option_b': ' B', 'score_b': -1.5977956056594849}",True,,0
pretrained,allenai/OLMo-2-1124-7B,13,Adam,resolved,script_knowledge,he walks to the bus stop,he bikes to the bus stop rather than walking,"Adam usually takes the bus to work, but bikes to the stop although it's only a few blocks from his house.
Question: Based on this, is it likely or unlikely that he walks to the bus stop?
(A) Unlikely
(B) Likely
Answer with the letter only.
Answer:","{'A': 'unlikely', 'B': 'likely'}",unlikely,A,"{'option_a': ' A', 'score_a': -0.7623559832572937, 'option_b': ' B', 'score_b': -1.3247767686843872}",True,,0
pretrained,allenai/OLMo-2-1124-7B,13,Adam,resolved,inference_derivation,he walks to the bus stop,he bikes to the bus stop rather than walking,"Adam usually takes the bus to work, but bikes to the stop although it's only a few blocks from his house. Last week, after he got off the bus, he ran into Virginia, his ex-girlfriend. They stopped for a little while to catch up.
Adam said to Virginia: ""I took the bus this morning. I walked to the bus stop.""
Question: Based on this conversation, is it likely or unlikely that he bikes to the bus stop rather than walking?
(A) Likely
(B) Unlikely
Answer with the letter only.
Answer:","{'A': 'likely', 'B': 'unlikely'}",likely,A,"{'option_a': ' A', 'score_a': -1.1847494840621948, 'option_b': ' B', 'score_b': -4.238079071044922}",True,,1
pretrained,allenai/OLMo-2-1124-7B,13,Adam,baseline_ordinary,script_knowledge,he walks to the bus stop,he bikes to the bus stop rather than walking,"Adam usually takes the bus to work, as the stop is a few blocks from his house.
Question: Based on this, is it likely or unlikely that he walks to the bus stop?
(A) Unlikely
(B) Likely
Answer with the letter only.
Answer:","{'A': 'unlikely', 'B': 'likely'}",unlikely,A,"{'option_a': ' A', 'score_a': -0.7904072403907776, 'option_b': ' B', 'score_b': -1.0568318367004395}",True,,0
pretrained,allenai/OLMo-2-1124-7B,13,Adam,baseline_ordinary,inference_derivation,he walks to the bus stop,he bikes to the bus stop rather than walking,"Adam usually takes the bus to work, as the stop is a few blocks from his house. Last week, after he got off the bus, he ran into Virginia, his ex-girlfriend. They stopped for a little while to catch up.
Adam said to Virginia: ""I took the bus this morning. I barely had room to stand.""
Question: Based on this conversation, is it likely or unlikely that he bikes to the bus stop rather than walking?
(A) Likely
(B) Unlikely
Answer with the letter only.
Answer:","{'A': 'likely', 'B': 'unlikely'}",likely,A,"{'option_a': ' A', 'score_a': -0.37996646761894226, 'option_b': ' B', 'score_b': -1.8478280305862427}",True,,1
pretrained,allenai/OLMo-2-1124-7B,13,Adam,baseline_wonky,script_knowledge,he walks to the bus stop,he bikes to the bus stop rather than walking,"Adam usually takes the bus to work, but bikes to the stop although it's only a few blocks from his house.
Question: Based on this, is it likely or unlikely that he walks to the bus stop?
(A) Likely
(B) Unlikely
Answer with the letter only.
Answer:","{'A': 'likely', 'B': 'unlikely'}",likely,A,"{'option_a': ' A', 'score_a': -0.5882090926170349, 'option_b': ' B', 'score_b': -1.2798842191696167}",True,,1
pretrained,allenai/OLMo-2-1124-7B,13,Adam,baseline_wonky,inference_derivation,he walks to the bus stop,he bikes to the bus stop rather than walking,"Adam usually takes the bus to work, but bikes to the stop although it's only a few blocks from his house. Last week, after he got off the bus, he ran into Virginia, his ex-girlfriend. They stopped for a little while to catch up.
Adam said to Virginia: ""I took the bus this morning. I barely had room to stand.""
Question: Based on this conversation, is it likely or unlikely that he bikes to the bus stop rather than walking?
(A) Likely
(B) Unlikely
Answer with the letter only.
Answer:","{'A': 'likely', 'B': 'unlikely'}",likely,A,"{'option_a': ' A', 'score_a': -0.40133559703826904, 'option_b': ' B', 'score_b': -3.0617713928222656}",True,,1
pretrained,allenai/OLMo-2-1124-7B,14,Esther,critical,script_knowledge,she tries on clothes when shopping with friends,she finds clothes shopping boring and doesn't try anything on,"Esther often goes along with her friends when they go clothes shopping, as it's something she also enjoys.
Question: Based on this, is it likely or unlikely that she tries on clothes when shopping with friends?
(A) Likely
(B) Unlikely
Answer with the letter only.
Answer:","{'A': 'likely', 'B': 'unlikely'}",likely,A,"{'option_a': ' A', 'score_a': -0.09351025521755219, 'option_b': ' B', 'score_b': -3.031416654586792}",True,,1
pretrained,allenai/OLMo-2-1124-7B,14,Esther,critical,inference_derivation,she tries on clothes when shopping with friends,she finds clothes shopping boring and doesn't try anything on,"Esther often goes along with her friends when they go clothes shopping, as it's something she also enjoys. Today, when she was walking out of a mall after spending time with her friends, she ran into George, another old friend of hers. They decided to catch up while walking to the bus stop.
Esther said to George: ""I was out clothes shopping. I tried something on.""
Question: Based on this conversation, is it likely or unlikely that she finds clothes shopping boring and doesn't try anything on?
(A) Unlikely
(B) Likely
Answer with the letter only.
Answer:","{'A': 'unlikely', 'B': 'likely'}",unlikely,A,"{'option_a': ' A', 'score_a': -0.39913514256477356, 'option_b': ' B', 'score_b': -2.6821343898773193}",True,,0
pretrained,allenai/OLMo-2-1124-7B,14,Esther,resolved,script_knowledge,she tries on clothes when shopping with friends,she finds clothes shopping boring and doesn't try anything on,"Esther often goes along with her friends when they go clothes shopping, although it bores her, and she just reads as they browse.
Question: Based on this, is it likely or unlikely that she tries on clothes when shopping with friends?
(A) Likely
(B) Unlikely
Answer with the letter only.
Answer:","{'A': 'likely', 'B': 'unlikely'}",likely,A,"{'option_a': ' A', 'score_a': -0.2503015100955963, 'option_b': ' B', 'score_b': -1.7246971130371094}",True,,1
pretrained,allenai/OLMo-2-1124-7B,14,Esther,resolved,inference_derivation,she tries on clothes when shopping with friends,she finds clothes shopping boring and doesn't try anything on,"Esther often goes along with her friends when they go clothes shopping, although it bores her, and she just reads as they browse. Today, when she was walking out of a mall after spending time with her friends, she ran into George, another old friend of hers. They decided to catch up while walking to the bus stop.
Esther said to George: ""I was out clothes shopping. I tried something on.""
Question: Based on this conversation, is it likely or unlikely that she finds clothes shopping boring and doesn't try anything on?
(A) Unlikely
(B) Likely
Answer with the letter only.
Answer:","{'A': 'unlikely', 'B': 'likely'}",likely,B,"{'option_a': ' A', 'score_a': -1.385640025138855, 'option_b': ' B', 'score_b': -1.129895567893982}",True,,1
pretrained,allenai/OLMo-2-1124-7B,14,Esther,baseline_ordinary,script_knowledge,she tries on clothes when shopping with friends,she finds clothes shopping boring and doesn't try anything on,"Esther often goes along with her friends when they go clothes shopping, as it's something she also enjoys.
Question: Based on this, is it likely or unlikely that she tries on clothes when shopping with friends?
(A) Likely
(B) Unlikely
Answer with the letter only.
Answer:","{'A': 'likely', 'B': 'unlikely'}",likely,A,"{'option_a': ' A', 'score_a': -0.09351025521755219, 'option_b': ' B', 'score_b': -3.031416654586792}",True,,1
pretrained,allenai/OLMo-2-1124-7B,14,Esther,baseline_ordinary,inference_derivation,she tries on clothes when shopping with friends,she finds clothes shopping boring and doesn't try anything on,"Esther often goes along with her friends when they go clothes shopping, as it's something she also enjoys. Today, when she was walking out of a mall after spending time with her friends, she ran into George, another old friend of hers. They decided to catch up while walking to the bus stop.
Esther said to George: ""I was out clothes shopping. I came across a big sale.""
Question: Based on this conversation, is it likely or unlikely that she finds clothes shopping boring and doesn't try anything on?
(A) Likely
(B) Unlikely
Answer with the letter only.
Answer:","{'A': 'likely', 'B': 'unlikely'}",likely,A,"{'option_a': ' A', 'score_a': -0.8814977407455444, 'option_b': ' B', 'score_b': -1.236263394355774}",True,,1
pretrained,allenai/OLMo-2-1124-7B,14,Esther,baseline_wonky,script_knowledge,she tries on clothes when shopping with friends,she finds clothes shopping boring and doesn't try anything on,"Esther often goes along with her friends when they go clothes shopping, although it bores her, and she just reads as they browse.
Question: Based on this, is it likely or unlikely that she tries on clothes when shopping with friends?
(A) Unlikely
(B) Likely
Answer with the letter only.
Answer:","{'A': 'unlikely', 'B': 'likely'}",likely,B,"{'option_a': ' A', 'score_a': -1.4630274772644043, 'option_b': ' B', 'score_b': -1.0789382457733154}",True,,1
pretrained,allenai/OLMo-2-1124-7B,14,Esther,baseline_wonky,inference_derivation,she tries on clothes when shopping with friends,she finds clothes shopping boring and doesn't try anything on,"Esther often goes along with her friends when they go clothes shopping, although it bores her, and she just reads as they browse. Today, when she was walking out of a mall after spending time with her friends, she ran into George, another old friend of hers. They decided to catch up while walking to the bus stop.
Esther said to George: ""I was out clothes shopping. I came across a big sale.""
Question: Based on this conversation, is it likely or unlikely that she finds clothes shopping boring and doesn't try anything on?
(A) Unlikely
(B) Likely
Answer with the letter only.
Answer:","{'A': 'unlikely', 'B': 'likely'}",likely,B,"{'option_a': ' A', 'score_a': -1.4140310287475586, 'option_b': ' B', 'score_b': -1.0332369804382324}",True,,1
pretrained,allenai/OLMo-2-1124-7B,15,Nick,critical,script_knowledge,he boils pasta in water,he prefers pasta that doesn't need to be pre-boiled,"Nick enjoys making pasta dishes for his roommates, as it's an easy way to contribute to the household.
Question: Based on this, is it likely or unlikely that he boils pasta in water?
(A) Unlikely
(B) Likely
Answer with the letter only.
Answer:","{'A': 'unlikely', 'B': 'likely'}",likely,B,"{'option_a': ' A', 'score_a': -1.0925135612487793, 'option_b': ' B', 'score_b': -0.6508375406265259}",True,,1
pretrained,allenai/OLMo-2-1124-7B,15,Nick,critical,inference_derivation,he boils pasta in water,he prefers pasta that doesn't need to be pre-boiled,"Nick enjoys making pasta dishes for his roommates, as it's an easy way to contribute to the household. Yesterday he was preparing pasta in the kitchen, to sit in the fridge until a party tomorrow. When he was done and cleaning up, his roommate Clara came into the kitchen, and they started talking about his dish.
Nick said to Clara: ""I made some pasta for the meal. I boiled it in water.""
Question: Based on this conversation, is it likely or unlikely that he prefers pasta that doesn't need to be pre-boiled?
(A) Likely
(B) Unlikely
Answer with the letter only.
Answer:","{'A': 'likely', 'B': 'unlikely'}",likely,A,"{'option_a': ' A', 'score_a': -0.286843478679657, 'option_b': ' B', 'score_b': -1.8557369709014893}",True,,1
pretrained,allenai/OLMo-2-1124-7B,15,Nick,resolved,script_knowledge,he boils pasta in water,he prefers pasta that doesn't need to be pre-boiled,"Nick enjoys making pasta dishes for his roommates, but prefers to bake fresh pasta that doesn't need to be pre-boiled.
Question: Based on this, is it likely or unlikely that he boils pasta in water?
(A) Unlikely
(B) Likely
Answer with the letter only.
Answer:","{'A': 'unlikely', 'B': 'likely'}",unlikely,A,"{'option_a': ' A', 'score_a': -0.7089428901672363, 'option_b': ' B', 'score_b': -1.0892953872680664}",True,,0
pretrained,allenai/OLMo-2-1124-7B,15,Nick,resolved,inference_derivation,he boils pasta in water,he prefers pasta that doesn't need to be pre-boiled,"Nick enjoys making pasta dishes for his roommates, but prefers to bake fresh pasta that doesn't need to be pre-boiled. Yesterday he was preparing pasta in the kitchen, to sit in the fridge until a party tomorrow. When he was done and cleaning up, his roommate Clara came into the kitchen, and they started talking about his dish.
Nick said to Clara: ""I made some pasta for the meal. I boiled it in water.""
Question: Based on this conversation, is it likely or unlikely that he prefers pasta that doesn't need to be pre-boiled?
(A) Likely
(B) Unlikely
Answer with the letter only.
Answer:","{'A': 'likely', 'B': 'unlikely'}",likely,A,"{'option_a': ' A', 'score_a': -0.31770646572113037, 'option_b': ' B', 'score_b': -2.915421485900879}",True,,1
pretrained,allenai/OLMo-2-1124-7B,15,Nick,baseline_ordinary,script_knowledge,he boils pasta in water,he prefers pasta that doesn't need to be pre-boiled,"Nick enjoys making pasta dishes for his roommates, as it's an easy way to contribute to the household.
Question: Based on this, is it likely or unlikely that he boils pasta in water?
(A) Likely
(B) Unlikely
Answer with the letter only.
Answer:","{'A': 'likely', 'B': 'unlikely'}",likely,A,"{'option_a': ' A', 'score_a': -0.060003869235515594, 'option_b': ' B', 'score_b': -3.382159471511841}",True,,1
pretrained,allenai/OLMo-2-1124-7B,15,Nick,baseline_ordinary,inference_derivation,he boils pasta in water,he prefers pasta that doesn't need to be pre-boiled,"Nick enjoys making pasta dishes for his roommates, as it's an easy way to contribute to the household. Yesterday he was preparing pasta in the kitchen, to sit in the fridge until a party tomorrow. When he was done and cleaning up, his roommate Clara came into the kitchen, and they started talking about his dish.
Nick said to Clara: ""I made some pasta for the meal. I added some vegetables.""
Question: Based on this conversation, is it likely or unlikely that he prefers pasta that doesn't need to be pre-boiled?
(A) Unlikely
(B) Likely
Answer with the letter only.
Answer:","{'A': 'unlikely', 'B': 'likely'}",unlikely,A,"{'option_a': ' A', 'score_a': -1.0553004741668701, 'option_b': ' B', 'score_b': -1.275512456893921}",True,,0
pretrained,allenai/OLMo-2-1124-7B,15,Nick,baseline_wonky,script_knowledge,he boils pasta in water,he prefers pasta that doesn't need to be pre-boiled,"Nick enjoys making pasta dishes for his roommates, but prefers to bake fresh pasta that doesn't need to be pre-boiled.
Question: Based on this, is it likely or unlikely that he boils pasta in water?
(A) Likely
(B) Unlikely
Answer with the letter only.
Answer:","{'A': 'likely', 'B': 'unlikely'}",likely,A,"{'option_a': ' A', 'score_a': -0.5403450727462769, 'option_b': ' B', 'score_b': -1.241286039352417}",True,,1
pretrained,allenai/OLMo-2-1124-7B,15,Nick,baseline_wonky,inference_derivation,he boils pasta in water,he prefers pasta that doesn't need to be pre-boiled,"Nick enjoys making pasta dishes for his roommates, but prefers to bake fresh pasta that doesn't need to be pre-boiled. Yesterday he was preparing pasta in the kitchen, to sit in the fridge until a party tomorrow. When he was done and cleaning up, his roommate Clara came into the kitchen, and they started talking about his dish.
Nick said to Clara: ""I made some pasta for the meal. I added some vegetables.""
Question: Based on this conversation, is it likely or unlikely that he prefers pasta that doesn't need to be pre-boiled?
(A) Unlikely
(B) Likely
Answer with the letter only.
Answer:","{'A': 'unlikely', 'B': 'likely'}",unlikely,A,"{'option_a': ' A', 'score_a': -1.6783607006072998, 'option_b': ' B', 'score_b': -2.0661520957946777}",True,,0
pretrained,allenai/OLMo-2-1124-7B,16,Grace,critical,script_knowledge,she preheats the oven when baking,she is terrible at following basic directions in recipes,"Grace enjoys baking, as it's a great way to make new friends.
Question: Based on this, is it likely or unlikely that she preheats the oven when baking?
(A) Unlikely
(B) Likely
Answer with the letter only.
Answer:","{'A': 'unlikely', 'B': 'likely'}",likely,B,"{'option_a': ' A', 'score_a': -0.9937389492988586, 'option_b': ' B', 'score_b': -0.6764759421348572}",True,,1
pretrained,allenai/OLMo-2-1124-7B,16,Grace,critical,inference_derivation,she preheats the oven when baking,she is terrible at following basic directions in recipes,"Grace enjoys baking, as it's a great way to make new friends. A few days ago she was baking a cake in her kitchen. After she had put it in the oven, her roommate Kyle came into the kitchen to make a salad for himself. They started chatting about food.
Grace said to Kyle: ""I'm baking a cake right now. I preheated the oven.""
Question: Based on this conversation, is it likely or unlikely that she is terrible at following basic directions in recipes?
(A) Unlikely
(B) Likely
Answer with the letter only.
Answer:","{'A': 'unlikely', 'B': 'likely'}",unlikely,A,"{'option_a': ' A', 'score_a': -0.27528366446495056, 'option_b': ' B', 'score_b': -2.006330728530884}",True,,0
pretrained,allenai/OLMo-2-1124-7B,16,Grace,resolved,script_knowledge,she preheats the oven when baking,she is terrible at following basic directions in recipes,"Grace enjoys baking, although she's terrible at following basic directions in recipes.
Question: Based on this, is it likely or unlikely that she preheats the oven when baking?
(A) Likely
(B) Unlikely
Answer with the letter only.
Answer:","{'A': 'likely', 'B': 'unlikely'}",likely,A,"{'option_a': ' A', 'score_a': -0.30654409527778625, 'option_b': ' B', 'score_b': -1.7194325923919678}",True,,1
pretrained,allenai/OLMo-2-1124-7B,16,Grace,resolved,inference_derivation,she preheats the oven when baking,she is terrible at following basic directions in recipes,"Grace enjoys baking, although she's terrible at following basic directions in recipes. A few days ago she was baking a cake in her kitchen. After she had put it in the oven, her roommate Kyle came into the kitchen to make a salad for himself. They started chatting about food.
Grace said to Kyle: ""I'm baking a cake right now. I preheated the oven.""
Question: Based on this conversation, is it likely or unlikely that she is terrible at following basic directions in recipes?
(A) Unlikely
(B) Likely
Answer with the letter only.
Answer:","{'A': 'unlikely', 'B': 'likely'}",likely,B,"{'option_a': ' A', 'score_a': -2.0291123390197754, 'option_b': ' B', 'score_b': -1.7213042974472046}",True,,1
pretrained,allenai/OLMo-2-1124-7B,16,Grace,baseline_ordinary,script_knowledge,she preheats the oven when baking,she is terrible at following basic directions in recipes,"Grace enjoys baking, as it's a great way to make new friends.
Question: Based on this, is it likely or unlikely that she preheats the oven when baking?
(A) Unlikely
(B) Likely
Answer with the letter only.
Answer:","{'A': 'unlikely', 'B': 'likely'}",likely,B,"{'option_a': ' A', 'score_a': -0.9937389492988586, 'option_b': ' B', 'score_b': -0.6764759421348572}",True,,1
pretrained,allenai/OLMo-2-1124-7B,16,Grace,baseline_ordinary,inference_derivation,she preheats the oven when baking,she is terrible at following basic directions in recipes,"Grace enjoys baking, as it's a great way to make new friends. A few days ago she was baking a cake in her kitchen. After she had put it in the oven, her roommate Kyle came into the kitchen to make a salad for himself. They started chatting about food.
Grace said to Kyle: ""I'm baking a cake right now. I added chocolate chips to the recipe.""
Question: Based on this conversation, is it likely or unlikely that she is terrible at following basic directions in recipes?
(A) Unlikely
(B) Likely
Answer with the letter only.
Answer:","{'A': 'unlikely', 'B': 'likely'}",unlikely,A,"{'option_a': ' A', 'score_a': -0.4579204320907593, 'option_b': ' B', 'score_b': -2.3513951301574707}",True,,0
pretrained,allenai/OLMo-2-1124-7B,16,Grace,baseline_wonky,script_knowledge,she preheats the oven when baking,she is terrible at following basic directions in recipes,"Grace enjoys baking, although she's terrible at following basic directions in recipes.
Question: Based on this, is it likely or unlikely that she preheats the oven when baking?
(A) Likely
(B) Unlikely
Answer with the letter only.
Answer:","{'A': 'likely', 'B': 'unlikely'}",likely,A,"{'option_a': ' A', 'score_a': -0.30654409527778625, 'option_b': ' B', 'score_b': -1.7194325923919678}",True,,1
pretrained,allenai/OLMo-2-1124-7B,16,Grace,baseline_wonky,inference_derivation,she preheats the oven when baking,she is terrible at following basic directions in recipes,"Grace enjoys baking, although she's terrible at following basic directions in recipes. A few days ago she was baking a cake in her kitchen. After she had put it in the oven, her roommate Kyle came into the kitchen to make a salad for himself. They started chatting about food.
Grace said to Kyle: ""I'm baking a cake right now. I added chocolate chips to the recipe.""
Question: Based on this conversation, is it likely or unlikely that she is terrible at following basic directions in recipes?
(A) Unlikely
(B) Likely
Answer with the letter only.
Answer:","{'A': 'unlikely', 'B': 'likely'}",likely,B,"{'option_a': ' A', 'score_a': -1.6791319847106934, 'option_b': ' B', 'score_b': -1.4706449508666992}",True,,1
pretrained,allenai/OLMo-2-1124-7B,17,Greg,critical,script_knowledge,he carries his phone on board rather than checking it in,he checks everything into the hold rather than carrying it on,"Greg frequently travels by air, to see family and attend conferences.
Question: Based on this, is it likely or unlikely that he carries his phone on board rather than checking it in?
(A) Unlikely
(B) Likely
Answer with the letter only.
Answer:","{'A': 'unlikely', 'B': 'likely'}",likely,B,"{'option_a': ' A', 'score_a': -1.35602867603302, 'option_b': ' B', 'score_b': -0.6654514074325562}",True,,1
pretrained,allenai/OLMo-2-1124-7B,17,Greg,critical,inference_derivation,he carries his phone on board rather than checking it in,he checks everything into the hold rather than carrying it on,"Greg frequently travels by air, to see family and attend conferences. Last week he flew to a conference, and met up with Helen, an old colleague he occasionally traveled with. They went to breakfast together, and started talking about their travel.
Greg said to Helen: ""I flew here. I took my cell phone on board with me.""
Question: Based on this conversation, is it likely or unlikely that he checks everything into the hold rather than carrying it on?
(A) Likely
(B) Unlikely
Answer with the letter only.
Answer:","{'A': 'likely', 'B': 'unlikely'}",likely,A,"{'option_a': ' A', 'score_a': -0.7454954385757446, 'option_b': ' B', 'score_b': -1.3609741926193237}",True,,1
pretrained,allenai/OLMo-2-1124-7B,17,Greg,resolved,script_knowledge,he carries his phone on board rather than checking it in,he checks everything into the hold rather than carrying it on,"Greg frequently travels by air, but hates carrying things around with him, and checks absolutely everything into the hold.
Question: Based on this, is it likely or unlikely that he carries his phone on board rather than checking it in?
(A) Likely
(B) Unlikely
Answer with the letter only.
Answer:","{'A': 'likely', 'B': 'unlikely'}",likely,A,"{'option_a': ' A', 'score_a': -0.22711077332496643, 'option_b': ' B', 'score_b': -2.283479690551758}",True,,1
pretrained,allenai/OLMo-2-1124-7B,17,Greg,resolved,inference_derivation,he carries his phone on board rather than checking it in,he checks everything into the hold rather than carrying it on,"Greg frequently travels by air, but hates carrying things around with him, and checks absolutely everything into the hold. Last week he flew to a conference, and met up with Helen, an old colleague he occasionally traveled with. They went to breakfast together, and started talking about their travel.
Greg said to Helen: ""I flew here. I took my cell phone on board with me.""
Question: Based on this conversation, is it likely or unlikely that he checks everything into the hold rather than carrying it on?
(A) Unlikely
(B) Likely
Answer with the letter only.
Answer:","{'A': 'unlikely', 'B': 'likely'}",likely,B,"{'option_a': ' A', 'score_a': -1.6181409358978271, 'option_b': ' B', 'score_b': -1.3636834621429443}",True,,1
pretrained,allenai/OLMo-2-1124-7B,17,Greg,baseline_ordinary,script_knowledge,he carries his phone on board rather than checking it in,he checks everything into the hold rather than carrying it on,"Greg frequently travels by air, to see family and attend conferences.
Question: Based on this, is it likely or unlikely that he carries his phone on board rather than checking it in?
(A) Unlikely
(B) Likely
Answer with the letter only.
Answer:","{'A': 'unlikely', 'B': 'likely'}",likely,B,"{'option_a': ' A', 'score_a': -1.35602867603302, 'option_b': ' B', 'score_b': -0.6654514074325562}",True,,1
pretrained,allenai/OLMo-2-1124-7B,17,Greg,baseline_ordinary,inference_derivation,he carries his phone on board rather than checking it in,he checks everything into the hold rather than carrying it on,"Greg frequently travels by air, to see family and attend conferences. Last week he flew to a conference, and met up with Helen, an old colleague he occasionally traveled with. They went to breakfast together, and started talking about their travel.
Greg said to Helen: ""I flew here. I got into business class.""
Question: Based on this conversation, is it likely or unlikely that he checks everything into the hold rather than carrying it on?
(A) Likely
(B) Unlikely
Answer with the letter only.
Answer:","{'A': 'likely', 'B': 'unlikely'}",likely,A,"{'option_a': ' A', 'score_a': -0.8881502151489258, 'option_b': ' B', 'score_b': -1.0158250331878662}",True,,1
pretrained,allenai/OLMo-2-1124-7B,17,Greg,baseline_wonky,script_knowledge,he carries his phone on board rather than checking it in,he checks everything into the hold rather than carrying it on,"Greg frequently travels by air, but hates carrying things around with him, and checks absolutely everything into the hold.
Question: Based on this, is it likely or unlikely that he carries his phone on board rather than checking it in?
(A) Unlikely
(B) Likely
Answer with the letter only.
Answer:","{'A': 'unlikely', 'B': 'likely'}",unlikely,A,"{'option_a': ' A', 'score_a': -0.7054047584533691, 'option_b': ' B', 'score_b': -1.375235915184021}",True,,0
pretrained,allenai/OLMo-2-1124-7B,17,Greg,baseline_wonky,inference_derivation,he carries his phone on board rather than checking it in,he checks everything into the hold rather than carrying it on,"Greg frequently travels by air, but hates carrying things around with him, and checks absolutely everything into the hold. Last week he flew to a conference, and met up with Helen, an old colleague he occasionally traveled with. They went to breakfast together, and started talking about their travel.
Greg said to Helen: ""I flew here. I got into business class.""
Question: Based on this conversation, is it likely or unlikely that he checks everything into the hold rather than carrying it on?
(A) Likely
(B) Unlikely
Answer with the letter only.
Answer:","{'A': 'likely', 'B': 'unlikely'}",likely,A,"{'option_a': ' A', 'score_a': -0.20722892880439758, 'option_b': ' B', 'score_b': -3.4204704761505127}",True,,1
pretrained,allenai/OLMo-2-1124-7B,18,Sandy,critical,script_knowledge,she uses scissors to cut her own hair,she uses a buzzer rather than scissors to cut her hair,"Sandy usually cuts her own hair, although she has no training.
Question: Based on this, is it likely or unlikely that she uses scissors to cut her own hair?
(A) Likely
(B) Unlikely
Answer with the letter only.
Answer:","{'A': 'likely', 'B': 'unlikely'}",likely,A,"{'option_a': ' A', 'score_a': -0.5144950747489929, 'option_b': ' B', 'score_b': -2.34982967376709}",True,,1
pretrained,allenai/OLMo-2-1124-7B,18,Sandy,critical,inference_derivation,she uses scissors to cut her own hair,she uses a buzzer rather than scissors to cut her hair,"Sandy usually cuts her own hair, although she has no training. Two days ago, after she gave herself another haircut, she went for a walk along her street. She quickly ran into her ex, Patrick, and they stopped to catch up for a few minutes.
Sandy said to Patrick: ""I just cut my hair. I used scissors.""
Question: Based on this conversation, is it likely or unlikely that she uses a buzzer rather than scissors to cut her hair?
(A) Likely
(B) Unlikely
Answer with the letter only.
Answer:","{'A': 'likely', 'B': 'unlikely'}",likely,A,"{'option_a': ' A', 'score_a': -0.8815144300460815, 'option_b': ' B', 'score_b': -1.01466965675354}",True,,1
pretrained,allenai/OLMo-2-1124-7B,18,Sandy,resolved,script_knowledge,she uses scissors to cut her own hair,she uses a buzzer rather than scissors to cut her hair,"Sandy usually cuts her own hair, simply by taking a buzzer to it.
Question: Based on this, is it likely or unlikely that she uses scissors to cut her own hair?
(A) Likely
(B) Unlikely
Answer with the letter only.
Answer:","{'A': 'likely', 'B': 'unlikely'}",likely,A,"{'option_a': ' A', 'score_a': -0.8823966383934021, 'option_b': ' B', 'score_b': -1.6531291007995605}",True,,1
pretrained,allenai/OLMo-2-1124-7B,18,Sandy,resolved,inference_derivation,she uses scissors to cut her own hair,she uses a buzzer rather than scissors to cut her hair,"Sandy usually cuts her own hair, simply by taking a buzzer to it. Two days ago, after she gave herself another haircut, she went for a walk along her street. She quickly ran into her ex, Patrick, and they stopped to catch up for a few minutes.
Sandy said to Patrick: ""I just cut my hair. I used scissors.""
Question: Based on this conversation, is it likely or unlikely that she uses a buzzer rather than scissors to cut her hair?
(A) Likely
(B) Unlikely
Answer with the letter only.
Answer:","{'A': 'likely', 'B': 'unlikely'}",likely,A,"{'option_a': ' A', 'score_a': -0.7394051551818848, 'option_b': ' B', 'score_b': -1.6708983182907104}",True,,1
pretrained,allenai/OLMo-2-1124-7B,18,Sandy,baseline_ordinary,script_knowledge,she uses scissors to cut her own hair,she uses a buzzer rather than scissors to cut her hair,"Sandy usually cuts her own hair, although she has no training.
Question: Based on this, is it likely or unlikely that she uses scissors to cut her own hair?
(A) Unlikely
(B) Likely
Answer with the letter only.
Answer:","{'A': 'unlikely', 'B': 'likely'}",likely,B,"{'option_a': ' A', 'score_a': -1.4777469635009766, 'option_b': ' B', 'score_b': -1.413151502609253}",True,,1
pretrained,allenai/OLMo-2-1124-7B,18,Sandy,baseline_ordinary,inference_derivation,she uses scissors to cut her own hair,she uses a buzzer rather than scissors to cut her hair,"Sandy usually cuts her own hair, although she has no training. Two days ago, after she gave herself another haircut, she went for a walk along her street. She quickly ran into her ex, Patrick, and they stopped to catch up for a few minutes.
Sandy said to Patrick: ""I just cut my hair. I cut it a bit shorter than intended.""
Question: Based on this conversation, is it likely or unlikely that she uses a buzzer rather than scissors to cut her hair?
(A) Unlikely
(B) Likely
Answer with the letter only.
Answer:","{'A': 'unlikely', 'B': 'likely'}",unlikely,A,"{'option_a': ' A', 'score_a': -0.8425225019454956, 'option_b': ' B', 'score_b': -1.120100975036621}",True,,0
pretrained,allenai/OLMo-2-1124-7B,18,Sandy,baseline_wonky,script_knowledge,she uses scissors to cut her own hair,she uses a buzzer rather than scissors to cut her hair,"Sandy usually cuts her own hair, simply by taking a buzzer to it.
Question: Based on this, is it likely or unlikely that she uses scissors to cut her own hair?
(A) Likely
(B) Unlikely
Answer with the letter only.
Answer:","{'A': 'likely', 'B': 'unlikely'}",likely,A,"{'option_a': ' A', 'score_a': -0.8823966383934021, 'option_b': ' B', 'score_b': -1.6531291007995605}",True,,1
pretrained,allenai/OLMo-2-1124-7B,18,Sandy,baseline_wonky,inference_derivation,she uses scissors to cut her own hair,she uses a buzzer rather than scissors to cut her hair,"Sandy usually cuts her own hair, simply by taking a buzzer to it. Two days ago, after she gave herself another haircut, she went for a walk along her street. She quickly ran into her ex, Patrick, and they stopped to catch up for a few minutes.
Sandy said to Patrick: ""I just cut my hair. I cut it a bit shorter than intended.""
Question: Based on this conversation, is it likely or unlikely that she uses a buzzer rather than scissors to cut her hair?
(A) Likely
(B) Unlikely
Answer with the letter only.
Answer:","{'A': 'likely', 'B': 'unlikely'}",likely,A,"{'option_a': ' A', 'score_a': -0.2918379306793213, 'option_b': ' B', 'score_b': -3.302870988845825}",True,,1
pretrained,allenai/OLMo-2-1124-7B,19,Henry,critical,script_knowledge,he looks closely at the art when he goes to exhibitions,he only goes to exhibitions because his girlfriend drags him,"Henry often goes to art exhibitions, as there's an art museum a short walk from his place.
Question: Based on this, is it likely or unlikely that he looks closely at the art when he goes to exhibitions?
(A) Likely
(B) Unlikely
Answer with the letter only.
Answer:","{'A': 'likely', 'B': 'unlikely'}",likely,A,"{'option_a': ' A', 'score_a': -0.15484564006328583, 'option_b': ' B', 'score_b': -2.9517822265625}",True,,1
pretrained,allenai/OLMo-2-1124-7B,19,Henry,critical,inference_derivation,he looks closely at the art when he goes to exhibitions,he only goes to exhibitions because his girlfriend drags him,"Henry often goes to art exhibitions, as there's an art museum a short walk from his place. Last week, after going to a new photography exhibition, he encountered his friend Max on his way home. They paused on the street and chatted for a while.
Henry said to Max: ""I just went to the new photo exhibit. I looked at the photographs.""
Question: Based on this conversation, is it likely or unlikely that he only goes to exhibitions because his girlfriend drags him?
(A) Unlikely
(B) Likely
Answer with the letter only.
Answer:","{'A': 'unlikely', 'B': 'likely'}",unlikely,A,"{'option_a': ' A', 'score_a': -2.124234199523926, 'option_b': ' B', 'score_b': -2.9803144931793213}",True,,0
pretrained,allenai/OLMo-2-1124-7B,19,Henry,resolved,script_knowledge,he looks closely at the art when he goes to exhibitions,he only goes to exhibitions because his girlfriend drags him,"Henry often goes to art exhibitions, but only because his girlfriend drags him.
Question: Based on this, is it likely or unlikely that he looks closely at the art when he goes to exhibitions?
(A) Likely
(B) Unlikely
Answer with the letter only.
Answer:","{'A': 'likely', 'B': 'unlikely'}",likely,A,"{'option_a': ' A', 'score_a': -0.34020814299583435, 'option_b': ' B', 'score_b': -1.4665371179580688}",True,,1
pretrained,allenai/OLMo-2-1124-7B,19,Henry,resolved,inference_derivation,he looks closely at the art when he goes to exhibitions,he only goes to exhibitions because his girlfriend drags him,"Henry often goes to art exhibitions, but only because his girlfriend drags him. Last week, after going to a new photography exhibition, he encountered his friend Max on his way home. They paused on the street and chatted for a while.
Henry said to Max: ""I just went to the new photo exhibit. I looked at the photographs.""
Question: Based on this conversation, is it likely or unlikely that he only goes to exhibitions because his girlfriend drags him?
(A) Unlikely
(B) Likely
Answer with the letter only.
Answer:","{'A': 'unlikely', 'B': 'likely'}",unlikely,A,"{'option_a': ' A', 'score_a': -1.0541527271270752, 'option_b': ' B', 'score_b': -2.00471568107605}",True,,0
pretrained,allenai/OLMo-2-1124-7B,19,Henry,baseline_ordinary,script_knowledge,he looks closely at the art when he goes to exhibitions,he only goes to exhibitions because his girlfriend drags him,"Henry often goes to art exhibitions, as there's an art museum a short walk from his place.
Question: Based on this, is it likely or unlikely that he looks closely at the art when he goes to exhibitions?
(A) Likely
(B) Unlikely
Answer with the letter only.
Answer:","{'A': 'likely', 'B': 'unlikely'}",likely,A,"{'option_a': ' A', 'score_a': -0.15484564006328583, 'option_b': ' B', 'score_b': -2.9517822265625}",True,,1
pretrained,allenai/OLMo-2-1124-7B,19,Henry,baseline_ordinary,inference_derivation,he looks closely at the art when he goes to exhibitions,he only goes to exhibitions because his girlfriend drags him,"Henry often goes to art exhibitions, as there's an art museum a short walk from his place. Last week, after going to a new photography exhibition, he encountered his friend Max on his way home. They paused on the street and chatted for a while.
Henry said to Max: ""I just went to the new photo exhibit. I decided to buy a photograph.""
Question: Based on this conversation, is it likely or unlikely that he only goes to exhibitions because his girlfriend drags him?
(A) Likely
(B) Unlikely
Answer with the letter only.
Answer:","{'A': 'likely', 'B': 'unlikely'}",likely,A,"{'option_a': ' A', 'score_a': -0.9054428935050964, 'option_b': ' B', 'score_b': -1.5310029983520508}",True,,1
pretrained,allenai/OLMo-2-1124-7B,19,Henry,baseline_wonky,script_knowledge,he looks closely at the art when he goes to exhibitions,he only goes to exhibitions because his girlfriend drags him,"Henry often goes to art exhibitions, but only because his girlfriend drags him.
Question: Based on this, is it likely or unlikely that he looks closely at the art when he goes to exhibitions?
(A) Unlikely
(B) Likely
Answer with the letter only.
Answer:","{'A': 'unlikely', 'B': 'likely'}",unlikely,A,"{'option_a': ' A', 'score_a': -0.5239711403846741, 'option_b': ' B', 'score_b': -1.131864070892334}",True,,0
pretrained,allenai/OLMo-2-1124-7B,19,Henry,baseline_wonky,inference_derivation,he looks closely at the art when he goes to exhibitions,he only goes to exhibitions because his girlfriend drags him,"Henry often goes to art exhibitions, but only because his girlfriend drags him. Last week, after going to a new photography exhibition, he encountered his friend Max on his way home. They paused on the street and chatted for a while.
Henry said to Max: ""I just went to the new photo exhibit. I decided to buy a photograph.""
Question: Based on this conversation, is it likely or unlikely that he only goes to exhibitions because his girlfriend drags him?
(A) Unlikely
(B) Likely
Answer with the letter only.
Answer:","{'A': 'unlikely', 'B': 'likely'}",unlikely,A,"{'option_a': ' A', 'score_a': -1.1849722862243652, 'option_b': ' B', 'score_b': -1.879354476928711}",True,,0
pretrained,allenai/OLMo-2-1124-7B,20,Helen,critical,script_knowledge,she locks her car after parking,she is incredibly scatterbrained,"Helen works hard at her job, and enjoys the challenges she's given at work.
Question: Based on this, is it likely or unlikely that she locks her car after parking?
(A) Unlikely
(B) Likely
Answer with the letter only.
Answer:","{'A': 'unlikely', 'B': 'likely'}",likely,B,"{'option_a': ' A', 'score_a': -1.0125685930252075, 'option_b': ' B', 'score_b': -0.6146089434623718}",True,,1
pretrained,allenai/OLMo-2-1124-7B,20,Helen,critical,inference_derivation,she locks her car after parking,she is incredibly scatterbrained,"Helen works hard at her job, and enjoys the challenges she's given at work. Today, after driving her car to work as usual, she ran into her office-mate Peter while walking into the building. They stopped briefly to say hello.
Helen said to Peter: ""I just parked my car. I locked it.""
Question: Based on this conversation, is it likely or unlikely that she is incredibly scatterbrained?
(A) Unlikely
(B) Likely
Answer with the letter only.
Answer:","{'A': 'unlikely', 'B': 'likely'}",unlikely,A,"{'option_a': ' A', 'score_a': -0.6153502464294434, 'option_b': ' B', 'score_b': -1.4955157041549683}",True,,0
pretrained,allenai/OLMo-2-1124-7B,20,Helen,resolved,script_knowledge,she locks her car after parking,she is incredibly scatterbrained,"Helen works hard at her job, although she is incredibly scatterbrained.
Question: Based on this, is it likely or unlikely that she locks her car after parking?
(A) Unlikely
(B) Likely
Answer with the letter only.
Answer:","{'A': 'unlikely', 'B': 'likely'}",likely,B,"{'option_a': ' A', 'score_a': -0.9403055310249329, 'option_b': ' B', 'score_b': -0.8991439938545227}",True,,1
pretrained,allenai/OLMo-2-1124-7B,20,Helen,resolved,inference_derivation,she locks her car after parking,she is incredibly scatterbrained,"Helen works hard at her job, although she is incredibly scatterbrained. Today, after driving her car to work as usual, she ran into her office-mate Peter while walking into the building. They stopped briefly to say hello.
Helen said to Peter: ""I just parked my car. I locked it.""
Question: Based on this conversation, is it likely or unlikely that she is incredibly scatterbrained?
(A) Unlikely
(B) Likely
Answer with the letter only.
Answer:","{'A': 'unlikely', 'B': 'likely'}",likely,B,"{'option_a': ' A', 'score_a': -1.7372266054153442, 'option_b': ' B', 'score_b': -0.4190370738506317}",True,,1
pretrained,allenai/OLMo-2-1124-7B,20,Helen,baseline_ordinary,script_knowledge,she locks her car after parking,she is incredibly scatterbrained,"Helen works hard at her job, and enjoys the challenges she's given at work.
Question: Based on this, is it likely or unlikely that she locks her car after parking?
(A) Likely
(B) Unlikely
Answer with the letter only.
Answer:","{'A': 'likely', 'B': 'unlikely'}",likely,A,"{'option_a': ' A', 'score_a': -0.08256309479475021, 'option_b': ' B', 'score_b': -3.263317584991455}",True,,1
pretrained,allenai/OLMo-2-1124-7B,20,Helen,baseline_ordinary,inference_derivation,she locks her car after parking,she is incredibly scatterbrained,"Helen works hard at her job, and enjoys the challenges she's given at work. Today, after driving her car to work as usual, she ran into her office-mate Peter while walking into the building. They stopped briefly to say hello.
Helen said to Peter: ""I just parked my car. One of my tail lights has gone out.""
Question: Based on this conversation, is it likely or unlikely that she is incredibly scatterbrained?
(A) Likely
(B) Unlikely
Answer with the letter only.
Answer:","{'A': 'likely', 'B': 'unlikely'}",likely,A,"{'option_a': ' A', 'score_a': -0.5345882177352905, 'option_b': ' B', 'score_b': -1.1608071327209473}",True,,1
pretrained,allenai/OLMo-2-1124-7B,20,Helen,baseline_wonky,script_knowledge,she locks her car after parking,she is incredibly scatterbrained,"Helen works hard at her job, although she is incredibly scatterbrained.
Question: Based on this, is it likely or unlikely that she locks her car after parking?
(A) Unlikely
(B) Likely
Answer with the letter only.
Answer:","{'A': 'unlikely', 'B': 'likely'}",likely,B,"{'option_a': ' A', 'score_a': -0.9403055310249329, 'option_b': ' B', 'score_b': -0.8991439938545227}",True,,1
pretrained,allenai/OLMo-2-1124-7B,20,Helen,baseline_wonky,inference_derivation,she locks her car after parking,she is incredibly scatterbrained,"Helen works hard at her job, although she is incredibly scatterbrained. Today, after driving her car to work as usual, she ran into her office-mate Peter while walking into the building. They stopped briefly to say hello.
Helen said to Peter: ""I just parked my car. One of my tail lights has gone out.""
Question: Based on this conversation, is it likely or unlikely that she is incredibly scatterbrained?
(A) Likely
(B) Unlikely
Answer with the letter only.
Answer:","{'A': 'likely', 'B': 'unlikely'}",likely,A,"{'option_a': ' A', 'score_a': -0.2429705709218979, 'option_b': ' B', 'score_b': -2.988906145095825}",True,,1
pretrained,allenai/OLMo-2-1124-7B,21,Gary,critical,script_knowledge,he gets to pick the toppings on his pizza,he doesn't usually get to choose his pizza toppings,"Gary often orders pizza at work, from a famous pizzeria nearby.
Question: Based on this, is it likely or unlikely that he gets to pick the toppings on his pizza?
(A) Unlikely
(B) Likely
Answer with the letter only.
Answer:","{'A': 'unlikely', 'B': 'likely'}",likely,B,"{'option_a': ' A', 'score_a': -1.625096321105957, 'option_b': ' B', 'score_b': -1.1523964405059814}",True,,1
pretrained,allenai/OLMo-2-1124-7B,21,Gary,critical,inference_derivation,he gets to pick the toppings on his pizza,he doesn't usually get to choose his pizza toppings,"Gary often orders pizza at work, from a famous pizzeria nearby. A few days ago, after he placed an order, his colleague Stephanie walked over to his cubicle to chat.
Gary said to Stephanie: ""I just ordered pizza. I picked the toppings.""
Question: Based on this conversation, is it likely or unlikely that he doesn't usually get to choose his pizza toppings?
(A) Unlikely
(B) Likely
Answer with the letter only.
Answer:","{'A': 'unlikely', 'B': 'likely'}",unlikely,A,"{'option_a': ' A', 'score_a': -2.0317013263702393, 'option_b': ' B', 'score_b': -3.199370861053467}",True,,0
pretrained,allenai/OLMo-2-1124-7B,21,Gary,resolved,script_knowledge,he gets to pick the toppings on his pizza,he doesn't usually get to choose his pizza toppings,"Gary often orders pizza at work, but doesn't usually get to choose which type of pizza to get.
Question: Based on this, is it likely or unlikely that he gets to pick the toppings on his pizza?
(A) Likely
(B) Unlikely
Answer with the letter only.
Answer:","{'A': 'likely', 'B': 'unlikely'}",likely,A,"{'option_a': ' A', 'score_a': -0.39331939816474915, 'option_b': ' B', 'score_b': -1.810583233833313}",True,,1
pretrained,allenai/OLMo-2-1124-7B,21,Gary,resolved,inference_derivation,he gets to pick the toppings on his pizza,he doesn't usually get to choose his pizza toppings,"Gary often orders pizza at work, but doesn't usually get to choose which type of pizza to get. A few days ago, after he placed an order, his colleague Stephanie walked over to his cubicle to chat.
Gary said to Stephanie: ""I just ordered pizza. I picked the toppings.""
Question: Based on this conversation, is it likely or unlikely that he doesn't usually get to choose his pizza toppings?
(A) Likely
(B) Unlikely
Answer with the letter only.
Answer:","{'A': 'likely', 'B': 'unlikely'}",likely,A,"{'option_a': ' A', 'score_a': -0.4757292866706848, 'option_b': ' B', 'score_b': -2.0623347759246826}",True,,1
pretrained,allenai/OLMo-2-1124-7B,21,Gary,baseline_ordinary,script_knowledge,he gets to pick the toppings on his pizza,he doesn't usually get to choose his pizza toppings,"Gary often orders pizza at work, from a famous pizzeria nearby.
Question: Based on this, is it likely or unlikely that he gets to pick the toppings on his pizza?
(A) Likely
(B) Unlikely
Answer with the letter only.
Answer:","{'A': 'likely', 'B': 'unlikely'}",likely,A,"{'option_a': ' A', 'score_a': -0.22461950778961182, 'option_b': ' B', 'score_b': -2.370744228363037}",True,,1
pretrained,allenai/OLMo-2-1124-7B,21,Gary,baseline_ordinary,inference_derivation,he gets to pick the toppings on his pizza,he doesn't usually get to choose his pizza toppings,"Gary often orders pizza at work, from a famous pizzeria nearby. A few days ago, after he placed an order, his colleague Stephanie walked over to his cubicle to chat.
Gary said to Stephanie: ""I just ordered pizza. I used a gift certificate.""
Question: Based on this conversation, is it likely or unlikely that he doesn't usually get to choose his pizza toppings?
(A) Likely
(B) Unlikely
Answer with the letter only.
Answer:","{'A': 'likely', 'B': 'unlikely'}",likely,A,"{'option_a': ' A', 'score_a': -0.5918745994567871, 'option_b': ' B', 'score_b': -1.799423336982727}",True,,1
pretrained,allenai/OLMo-2-1124-7B,21,Gary,baseline_wonky,script_knowledge,he gets to pick the toppings on his pizza,he doesn't usually get to choose his pizza toppings,"Gary often orders pizza at work, but doesn't usually get to choose which type of pizza to get.
Question: Based on this, is it likely or unlikely that he gets to pick the toppings on his pizza?
(A) Likely
(B) Unlikely
Answer with the letter only.
Answer:","{'A': 'likely', 'B': 'unlikely'}",likely,A,"{'option_a': ' A', 'score_a': -0.39331939816474915, 'option_b': ' B', 'score_b': -1.810583233833313}",True,,1
pretrained,allenai/OLMo-2-1124-7B,21,Gary,baseline_wonky,inference_derivation,he gets to pick the toppings on his pizza,he doesn't usually get to choose his pizza toppings,"Gary often orders pizza at work, but doesn't usually get to choose which type of pizza to get. A few days ago, after he placed an order, his colleague Stephanie walked over to his cubicle to chat.
Gary said to Stephanie: ""I just ordered pizza. I used a gift certificate.""
Question: Based on this conversation, is it likely or unlikely that he doesn't usually get to choose his pizza toppings?
(A) Likely
(B) Unlikely
Answer with the letter only.
Answer:","{'A': 'likely', 'B': 'unlikely'}",likely,A,"{'option_a': ' A', 'score_a': -0.7075469493865967, 'option_b': ' B', 'score_b': -2.563603162765503}",True,,1
pretrained,allenai/OLMo-2-1124-7B,22,Julia,critical,script_knowledge,she rinses the dishes after washing them,she doesn't always bother to rinse the dishes,"Julia always tries to wash the dishes after eating, to avoid annoying her roommates.
Question: Based on this, is it likely or unlikely that she rinses the dishes after washing them?
(A) Likely
(B) Unlikely
Answer with the letter only.
Answer:","{'A': 'likely', 'B': 'unlikely'}",likely,A,"{'option_a': ' A', 'score_a': -0.3217255473136902, 'option_b': ' B', 'score_b': -1.6595487594604492}",True,,1
pretrained,allenai/OLMo-2-1124-7B,22,Julia,critical,inference_derivation,she rinses the dishes after washing them,she doesn't always bother to rinse the dishes,"Julia always tries to wash the dishes after eating, to avoid annoying her roommates. A few days ago, she was getting ready to go out after doing the dishes. She ran into her roommate Justin on her way out, and started talking to him.
Julia said to Justin: ""I just did the dishes. I rinsed them.""
Question: Based on this conversation, is it likely or unlikely that she doesn't always bother to rinse the dishes?
(A) Unlikely
(B) Likely
Answer with the letter only.
Answer:","{'A': 'unlikely', 'B': 'likely'}",unlikely,A,"{'option_a': ' A', 'score_a': -0.5305140018463135, 'option_b': ' B', 'score_b': -1.6726233959197998}",True,,0
pretrained,allenai/OLMo-2-1124-7B,22,Julia,resolved,script_knowledge,she rinses the dishes after washing them,she doesn't always bother to rinse the dishes,"Julia always tries to wash the dishes after eating, but doesn't always bother to rinse them.
Question: Based on this, is it likely or unlikely that she rinses the dishes after washing them?
(A) Unlikely
(B) Likely
Answer with the letter only.
Answer:","{'A': 'unlikely', 'B': 'likely'}",unlikely,A,"{'option_a': ' A', 'score_a': -1.0272607803344727, 'option_b': ' B', 'score_b': -1.640660285949707}",True,,0
pretrained,allenai/OLMo-2-1124-7B,22,Julia,resolved,inference_derivation,she rinses the dishes after washing them,she doesn't always bother to rinse the dishes,"Julia always tries to wash the dishes after eating, but doesn't always bother to rinse them. A few days ago, she was getting ready to go out after doing the dishes. She ran into her roommate Justin on her way out, and started talking to him.
Julia said to Justin: ""I just did the dishes. I rinsed them.""
Question: Based on this conversation, is it likely or unlikely that she doesn't always bother to rinse the dishes?
(A) Unlikely
(B) Likely
Answer with the letter only.
Answer:","{'A': 'unlikely', 'B': 'likely'}",unlikely,A,"{'option_a': ' A', 'score_a': -0.6608090400695801, 'option_b': ' B', 'score_b': -2.089578151702881}",True,,0
pretrained,allenai/OLMo-2-1124-7B,22,Julia,baseline_ordinary,script_knowledge,she rinses the dishes after washing them,she doesn't always bother to rinse the dishes,"Julia always tries to wash the dishes after eating, to avoid annoying her roommates.
Question: Based on this, is it likely or unlikely that she rinses the dishes after washing them?
(A) Likely
(B) Unlikely
Answer with the letter only.
Answer:","{'A': 'likely', 'B': 'unlikely'}",likely,A,"{'option_a': ' A', 'score_a': -0.3217255473136902, 'option_b': ' B', 'score_b': -1.6595487594604492}",True,,1
pretrained,allenai/OLMo-2-1124-7B,22,Julia,baseline_ordinary,inference_derivation,she rinses the dishes after washing them,she doesn't always bother to rinse the dishes,"Julia always tries to wash the dishes after eating, to avoid annoying her roommates. A few days ago, she was getting ready to go out after doing the dishes. She ran into her roommate Justin on her way out, and started talking to him.
Julia said to Justin: ""I just did the dishes. I polished them.""
Question: Based on this conversation, is it likely or unlikely that she doesn't always bother to rinse the dishes?
(A) Unlikely
(B) Likely
Answer with the letter only.
Answer:","{'A': 'unlikely', 'B': 'likely'}",unlikely,A,"{'option_a': ' A', 'score_a': -0.4352949857711792, 'option_b': ' B', 'score_b': -1.9328663349151611}",True,,0
pretrained,allenai/OLMo-2-1124-7B,22,Julia,baseline_wonky,script_knowledge,she rinses the dishes after washing them,she doesn't always bother to rinse the dishes,"Julia always tries to wash the dishes after eating, but doesn't always bother to rinse them.
Question: Based on this, is it likely or unlikely that she rinses the dishes after washing them?
(A) Unlikely
(B) Likely
Answer with the letter only.
Answer:","{'A': 'unlikely', 'B': 'likely'}",unlikely,A,"{'option_a': ' A', 'score_a': -1.0272607803344727, 'option_b': ' B', 'score_b': -1.640660285949707}",True,,0
pretrained,allenai/OLMo-2-1124-7B,22,Julia,baseline_wonky,inference_derivation,she rinses the dishes after washing them,she doesn't always bother to rinse the dishes,"Julia always tries to wash the dishes after eating, but doesn't always bother to rinse them. A few days ago, she was getting ready to go out after doing the dishes. She ran into her roommate Justin on her way out, and started talking to him.
Julia said to Justin: ""I just did the dishes. I polished them.""
Question: Based on this conversation, is it likely or unlikely that she doesn't always bother to rinse the dishes?
(A) Likely
(B) Unlikely
Answer with the letter only.
Answer:","{'A': 'likely', 'B': 'unlikely'}",likely,A,"{'option_a': ' A', 'score_a': -0.24701957404613495, 'option_b': ' B', 'score_b': -2.957496404647827}",True,,1
pretrained,allenai/OLMo-2-1124-7B,23,Emma,critical,script_knowledge,she checks books out of the library rather than taking them,she steals books rather than checking them out,"Emma often borrows books from the library, as she doesn't have much spare cash to spend.
Question: Based on this, is it likely or unlikely that she checks books out of the library rather than taking them?
(A) Unlikely
(B) Likely
Answer with the letter only.
Answer:","{'A': 'unlikely', 'B': 'likely'}",likely,B,"{'option_a': ' A', 'score_a': -1.5224171876907349, 'option_b': ' B', 'score_b': -0.30459585785865784}",True,,1
pretrained,allenai/OLMo-2-1124-7B,23,Emma,critical,inference_derivation,she checks books out of the library rather than taking them,she steals books rather than checking them out,"Emma often borrows books from the library, as she doesn't have much spare cash to spend. Last week, after going to the library, she was heading home with several books, and ran into her best friend Tim on the street. They stopped to quickly say hello.
Emma said to Tim: ""I just got some books at the library. I checked them out.""
Question: Based on this conversation, is it likely or unlikely that she steals books rather than checking them out?
(A) Unlikely
(B) Likely
Answer with the letter only.
Answer:","{'A': 'unlikely', 'B': 'likely'}",unlikely,A,"{'option_a': ' A', 'score_a': -0.7105041742324829, 'option_b': ' B', 'score_b': -3.1834211349487305}",True,,0
pretrained,allenai/OLMo-2-1124-7B,23,Emma,resolved,script_knowledge,she checks books out of the library rather than taking them,she steals books rather than checking them out,"Emma often steals books from the library, as she doesn't have money to buy her own copies.
Question: Based on this, is it likely or unlikely that she checks books out of the library rather than taking them?
(A) Unlikely
(B) Likely
Answer with the letter only.
Answer:","{'A': 'unlikely', 'B': 'likely'}",likely,B,"{'option_a': ' A', 'score_a': -1.3299450874328613, 'option_b': ' B', 'score_b': -0.5642775893211365}",True,,1
pretrained,allenai/OLMo-2-1124-7B,23,Emma,resolved,inference_derivation,she checks books out of the library rather than taking them,she steals books rather than checking them out,"Emma often steals books from the library, as she doesn't have money to buy her own copies. Last week, after going to the library, she was heading home with several books, and ran into her best friend Tim on the street. They stopped to quickly say hello.
Emma said to Tim: ""I just got some books at the library. I checked them out.""
Question: Based on this conversation, is it likely or unlikely that she steals books rather than checking them out?
(A) Likely
(B) Unlikely
Answer with the letter only.
Answer:","{'A': 'likely', 'B': 'unlikely'}",likely,A,"{'option_a': ' A', 'score_a': -0.10127925872802734, 'option_b': ' B', 'score_b': -3.411254405975342}",True,,1
pretrained,allenai/OLMo-2-1124-7B,23,Emma,baseline_ordinary,script_knowledge,she checks books out of the library rather than taking them,she steals books rather than checking them out,"Emma often borrows books from the library, as she doesn't have much spare cash to spend.
Question: Based on this, is it likely or unlikely that she checks books out of the library rather than taking them?
(A) Unlikely
(B) Likely
Answer with the letter only.
Answer:","{'A': 'unlikely', 'B': 'likely'}",likely,B,"{'option_a': ' A', 'score_a': -1.5224171876907349, 'option_b': ' B', 'score_b': -0.30459585785865784}",True,,1
pretrained,allenai/OLMo-2-1124-7B,23,Emma,baseline_ordinary,inference_derivation,she checks books out of the library rather than taking them,she steals books rather than checking them out,"Emma often borrows books from the library, as she doesn't have much spare cash to spend. Last week, after going to the library, she was heading home with several books, and ran into her best friend Tim on the street. They stopped to quickly say hello.
Emma said to Tim: ""I just got some books at the library. I looked at the library's exhibit.""
Question: Based on this conversation, is it likely or unlikely that she steals books rather than checking them out?
(A) Likely
(B) Unlikely
Answer with the letter only.
Answer:","{'A': 'likely', 'B': 'unlikely'}",unlikely,B,"{'option_a': ' A', 'score_a': -1.001259684562683, 'option_b': ' B', 'score_b': -0.8269311189651489}",True,,0
pretrained,allenai/OLMo-2-1124-7B,23,Emma,baseline_wonky,script_knowledge,she checks books out of the library rather than taking them,she steals books rather than checking them out,"Emma often steals books from the library, as she doesn't have money to buy her own copies.
Question: Based on this, is it likely or unlikely that she checks books out of the library rather than taking them?
(A) Likely
(B) Unlikely
Answer with the letter only.
Answer:","{'A': 'likely', 'B': 'unlikely'}",likely,A,"{'option_a': ' A', 'score_a': -0.34526118636131287, 'option_b': ' B', 'score_b': -2.6806602478027344}",True,,1
pretrained,allenai/OLMo-2-1124-7B,23,Emma,baseline_wonky,inference_derivation,she checks books out of the library rather than taking them,she steals books rather than checking them out,"Emma often steals books from the library, as she doesn't have money to buy her own copies. Last week, after going to the library, she was heading home with several books, and ran into her best friend Tim on the street. They stopped to quickly say hello.
Emma said to Tim: ""I just got some books at the library. I looked at the library's exhibit.""
Question: Based on this conversation, is it likely or unlikely that she steals books rather than checking them out?
(A) Likely
(B) Unlikely
Answer with the letter only.
Answer:","{'A': 'likely', 'B': 'unlikely'}",likely,A,"{'option_a': ' A', 'score_a': -0.1933545172214508, 'option_b': ' B', 'score_b': -2.782672166824341}",True,,1
pretrained,allenai/OLMo-2-1124-7B,24,Logan,critical,script_knowledge,he uses detergent when doing the laundry,he can't get a handle even on the basics of laundry,"Logan recently started doing his own laundry, after moving out of his parents' house.
Question: Based on this, is it likely or unlikely that he uses detergent when doing the laundry?
(A) Unlikely
(B) Likely
Answer with the letter only.
Answer:","{'A': 'unlikely', 'B': 'likely'}",likely,B,"{'option_a': ' A', 'score_a': -1.1335564851760864, 'option_b': ' B', 'score_b': -0.7027899026870728}",True,,1
pretrained,allenai/OLMo-2-1124-7B,24,Logan,critical,inference_derivation,he uses detergent when doing the laundry,he can't get a handle even on the basics of laundry,"Logan recently started doing his own laundry, after moving out of his parents' house. Yesterday, after doing a load, he went to the living room to watch some TV. Soon his roommate Sophia came home, and asked about his day while taking off her coat.
Logan said to Sophia: ""I just did the laundry. I used detergent.""
Question: Based on this conversation, is it likely or unlikely that he can't get a handle even on the basics of laundry?
(A) Likely
(B) Unlikely
Answer with the letter only.
Answer:","{'A': 'likely', 'B': 'unlikely'}",likely,A,"{'option_a': ' A', 'score_a': -1.1179813146591187, 'option_b': ' B', 'score_b': -2.3961992263793945}",True,,1
pretrained,allenai/OLMo-2-1124-7B,24,Logan,resolved,script_knowledge,he uses detergent when doing the laundry,he can't get a handle even on the basics of laundry,"Logan recently started doing his own laundry, but can't get a handle even on the basics.
Question: Based on this, is it likely or unlikely that he uses detergent when doing the laundry?
(A) Unlikely
(B) Likely
Answer with the letter only.
Answer:","{'A': 'unlikely', 'B': 'likely'}",unlikely,A,"{'option_a': ' A', 'score_a': -0.6140856742858887, 'option_b': ' B', 'score_b': -1.0456527471542358}",True,,0
pretrained,allenai/OLMo-2-1124-7B,24,Logan,resolved,inference_derivation,he uses detergent when doing the laundry,he can't get a handle even on the basics of laundry,"Logan recently started doing his own laundry, but can't get a handle even on the basics. Yesterday, after doing a load, he went to the living room to watch some TV. Soon his roommate Sophia came home, and asked about his day while taking off her coat.
Logan said to Sophia: ""I just did the laundry. I used detergent.""
Question: Based on this conversation, is it likely or unlikely that he can't get a handle even on the basics of laundry?
(A) Likely
(B) Unlikely
Answer with the letter only.
Answer:","{'A': 'likely', 'B': 'unlikely'}",likely,A,"{'option_a': ' A', 'score_a': -1.1888463497161865, 'option_b': ' B', 'score_b': -4.771211624145508}",True,,1
pretrained,allenai/OLMo-2-1124-7B,24,Logan,baseline_ordinary,script_knowledge,he uses detergent when doing the laundry,he can't get a handle even on the basics of laundry,"Logan recently started doing his own laundry, after moving out of his parents' house.
Question: Based on this, is it likely or unlikely that he uses detergent when doing the laundry?
(A) Likely
(B) Unlikely
Answer with the letter only.
Answer:","{'A': 'likely', 'B': 'unlikely'}",likely,A,"{'option_a': ' A', 'score_a': -0.09845799952745438, 'option_b': ' B', 'score_b': -3.497450113296509}",True,,1
pretrained,allenai/OLMo-2-1124-7B,24,Logan,baseline_ordinary,inference_derivation,he uses detergent when doing the laundry,he can't get a handle even on the basics of laundry,"Logan recently started doing his own laundry, after moving out of his parents' house. Yesterday, after doing a load, he went to the living room to watch some TV. Soon his roommate Sophia came home, and asked about his day while taking off her coat.
Logan said to Sophia: ""I just did the laundry. I added some softener to the wash.""
Question: Based on this conversation, is it likely or unlikely that he can't get a handle even on the basics of laundry?
(A) Unlikely
(B) Likely
Answer with the letter only.
Answer:","{'A': 'unlikely', 'B': 'likely'}",unlikely,A,"{'option_a': ' A', 'score_a': -0.8424277901649475, 'option_b': ' B', 'score_b': -1.6201679706573486}",True,,0
pretrained,allenai/OLMo-2-1124-7B,24,Logan,baseline_wonky,script_knowledge,he uses detergent when doing the laundry,he can't get a handle even on the basics of laundry,"Logan recently started doing his own laundry, but can't get a handle even on the basics.
Question: Based on this, is it likely or unlikely that he uses detergent when doing the laundry?
(A) Likely
(B) Unlikely
Answer with the letter only.
Answer:","{'A': 'likely', 'B': 'unlikely'}",likely,A,"{'option_a': ' A', 'score_a': -0.3883492350578308, 'option_b': ' B', 'score_b': -3.0481202602386475}",True,,1
pretrained,allenai/OLMo-2-1124-7B,24,Logan,baseline_wonky,inference_derivation,he uses detergent when doing the laundry,he can't get a handle even on the basics of laundry,"Logan recently started doing his own laundry, but can't get a handle even on the basics. Yesterday, after doing a load, he went to the living room to watch some TV. Soon his roommate Sophia came home, and asked about his day while taking off her coat.
Logan said to Sophia: ""I just did the laundry. I added some softener to the wash.""
Question: Based on this conversation, is it likely or unlikely that he can't get a handle even on the basics of laundry?
(A) Unlikely
(B) Likely
Answer with the letter only.
Answer:","{'A': 'unlikely', 'B': 'likely'}",likely,B,"{'option_a': ' A', 'score_a': -1.265594244003296, 'option_b': ' B', 'score_b': -0.9873647689819336}",True,,1
sft,allenai/OLMo-2-1124-7B-SFT,1,John,critical,script_knowledge,he pays the cashier when he goes to the grocery store,he is usually broke and doesn't pay when he shops,"John often goes to the grocery store around the corner from his apartment.
Question: Based on this, is it likely or unlikely that he pays the cashier when he goes to the grocery store?
(A) Unlikely
(B) Likely
Answer with the letter only.
Answer:","{'A': 'unlikely', 'B': 'likely'}",likely,B,"{'option_a': ' A', 'score_a': -13.125, 'option_b': ' B', 'score_b': -9.5625}",True,,1
sft,allenai/OLMo-2-1124-7B-SFT,1,John,critical,inference_derivation,he pays the cashier when he goes to the grocery store,he is usually broke and doesn't pay when he shops,"John often goes to the grocery store around the corner from his apartment. Recently, he came home from the store with groceries. When he came in, he saw his roommate Susan in the hallway, and started talking to her about his trip to the store. As he went to the kitchen to put his groceries away, Susan went to the living room, where their roommate Peter was watching TV.
Susan said to Peter: ""John just came back from the grocery store. He paid the cashier.""
Question: Based on this conversation, is it likely or unlikely that he is usually broke and doesn't pay when he shops?
(A) Likely
(B) Unlikely
Answer with the letter only.
Answer:","{'A': 'likely', 'B': 'unlikely'}",unlikely,B,"{'option_a': ' A', 'score_a': -14.25, 'option_b': ' B', 'score_b': -9.5}",True,,0
sft,allenai/OLMo-2-1124-7B-SFT,1,John,resolved,script_knowledge,he pays the cashier when he goes to the grocery store,he is usually broke and doesn't pay when he shops,"John is typically broke, and doesn't usually pay when he goes to the grocery store.
Question: Based on this, is it likely or unlikely that he pays the cashier when he goes to the grocery store?
(A) Unlikely
(B) Likely
Answer with the letter only.
Answer:","{'A': 'unlikely', 'B': 'likely'}",unlikely,A,"{'option_a': ' A', 'score_a': -8.4375, 'option_b': ' B', 'score_b': -11.1875}",True,,0
sft,allenai/OLMo-2-1124-7B-SFT,1,John,resolved,inference_derivation,he pays the cashier when he goes to the grocery store,he is usually broke and doesn't pay when he shops,"John is typically broke, and doesn't usually pay when he goes to the grocery store. Recently, he came home from the store with groceries. When he came in, he saw his roommate Susan in the hallway, and started talking to her about his trip to the store. As he went to the kitchen to put his groceries away, Susan went to the living room, where their roommate Peter was watching TV.
Susan said to Peter: ""John just came back from the grocery store. He paid the cashier.""
Question: Based on this conversation, is it likely or unlikely that he is usually broke and doesn't pay when he shops?
(A) Likely
(B) Unlikely
Answer with the letter only.
Answer:","{'A': 'likely', 'B': 'unlikely'}",unlikely,B,"{'option_a': ' A', 'score_a': -11.6875, 'option_b': ' B', 'score_b': -11.0}",True,,0
sft,allenai/OLMo-2-1124-7B-SFT,1,John,baseline_ordinary,script_knowledge,he pays the cashier when he goes to the grocery store,he is usually broke and doesn't pay when he shops,"John often goes to the grocery store around the corner from his apartment.
Question: Based on this, is it likely or unlikely that he pays the cashier when he goes to the grocery store?
(A) Unlikely
(B) Likely
Answer with the letter only.
Answer:","{'A': 'unlikely', 'B': 'likely'}",likely,B,"{'option_a': ' A', 'score_a': -13.125, 'option_b': ' B', 'score_b': -9.5625}",True,,1
sft,allenai/OLMo-2-1124-7B-SFT,1,John,baseline_ordinary,inference_derivation,he pays the cashier when he goes to the grocery store,he is usually broke and doesn't pay when he shops,"John often goes to the grocery store around the corner from his apartment. Recently, he came home from the store with groceries. When he came in, he saw his roommate Susan in the hallway, and started talking to her about his trip to the store. As he went to the kitchen to put his groceries away, Susan went to the living room, where their roommate Peter was watching TV.
Susan said to Peter: ""John just came back from the grocery store. He got some apples.""
Question: Based on this conversation, is it likely or unlikely that he is usually broke and doesn't pay when he shops?
(A) Unlikely
(B) Likely
Answer with the letter only.
Answer:","{'A': 'unlikely', 'B': 'likely'}",unlikely,A,"{'option_a': ' A', 'score_a': -11.4375, 'option_b': ' B', 'score_b': -13.3125}",True,,0
sft,allenai/OLMo-2-1124-7B-SFT,1,John,baseline_wonky,script_knowledge,he pays the cashier when he goes to the grocery store,he is usually broke and doesn't pay when he shops,"John is typically broke, and doesn't usually pay when he goes to the grocery store.
Question: Based on this, is it likely or unlikely that he pays the cashier when he goes to the grocery store?
(A) Unlikely
(B) Likely
Answer with the letter only.
Answer:","{'A': 'unlikely', 'B': 'likely'}",unlikely,A,"{'option_a': ' A', 'score_a': -8.4375, 'option_b': ' B', 'score_b': -11.1875}",True,,0
sft,allenai/OLMo-2-1124-7B-SFT,1,John,baseline_wonky,inference_derivation,he pays the cashier when he goes to the grocery store,he is usually broke and doesn't pay when he shops,"John is typically broke, and doesn't usually pay when he goes to the grocery store. Recently, he came home from the store with groceries. When he came in, he saw his roommate Susan in the hallway, and started talking to her about his trip to the store. As he went to the kitchen to put his groceries away, Susan went to the living room, where their roommate Peter was watching TV.
Susan said to Peter: ""John just came back from the grocery store. He got some apples.""
Question: Based on this conversation, is it likely or unlikely that he is usually broke and doesn't pay when he shops?
(A) Likely
(B) Unlikely
Answer with the letter only.
Answer:","{'A': 'likely', 'B': 'unlikely'}",likely,A,"{'option_a': ' A', 'score_a': -11.5, 'option_b': ' B', 'score_b': -12.25}",True,,1
sft,allenai/OLMo-2-1124-7B-SFT,2,Mary,critical,script_knowledge,she eats at the restaurants she visits,she doesn't actually enjoy eating at restaurants,"Mary is a journalist who often goes to restaurants after her interviews.
Question: Based on this, is it likely or unlikely that she eats at the restaurants she visits?
(A) Unlikely
(B) Likely
Answer with the letter only.
Answer:","{'A': 'unlikely', 'B': 'likely'}",likely,B,"{'option_a': ' A', 'score_a': -14.875, 'option_b': ' B', 'score_b': -11.6875}",True,,1
sft,allenai/OLMo-2-1124-7B-SFT,2,Mary,critical,inference_derivation,she eats at the restaurants she visits,she doesn't actually enjoy eating at restaurants,"Mary is a journalist who often goes to restaurants after her interviews. Yesterday, she went to a popular Chinese place. As she was leaving, she ran into her friend David, and they started talking about the restaurant. After they parted, David continued on his way when he suddenly ran into Sally, a mutual friend of him and Mary.
David said to Sally: ""I ran into Mary leaving that Chinese place. She ate there.""
Question: Based on this conversation, is it likely or unlikely that she doesn't actually enjoy eating at restaurants?
(A) Unlikely
(B) Likely
Answer with the letter only.
Answer:","{'A': 'unlikely', 'B': 'likely'}",unlikely,A,"{'option_a': ' A', 'score_a': -11.5, 'option_b': ' B', 'score_b': -13.8125}",True,,0
sft,allenai/OLMo-2-1124-7B-SFT,2,Mary,resolved,script_knowledge,she eats at the restaurants she visits,she doesn't actually enjoy eating at restaurants,"Mary is a journalist who often interviews restaurant waiters, but doesn't like eating out.
Question: Based on this, is it likely or unlikely that she eats at the restaurants she visits?
(A) Unlikely
(B) Likely
Answer with the letter only.
Answer:","{'A': 'unlikely', 'B': 'likely'}",unlikely,A,"{'option_a': ' A', 'score_a': -10.3125, 'option_b': ' B', 'score_b': -14.625}",True,,0
sft,allenai/OLMo-2-1124-7B-SFT,2,Mary,resolved,inference_derivation,she eats at the restaurants she visits,she doesn't actually enjoy eating at restaurants,"Mary is a journalist who often interviews restaurant waiters, but doesn't like eating out. Yesterday, she went to a popular Chinese place. As she was leaving, she ran into her friend David, and they started talking about the restaurant. After they parted, David continued on his way when he suddenly ran into Sally, a mutual friend of him and Mary.
David said to Sally: ""I ran into Mary leaving that Chinese place. She ate there.""
Question: Based on this conversation, is it likely or unlikely that she doesn't actually enjoy eating at restaurants?
(A) Likely
(B) Unlikely
Answer with the letter only.
Answer:","{'A': 'likely', 'B': 'unlikely'}",likely,A,"{'option_a': ' A', 'score_a': -11.75, 'option_b': ' B', 'score_b': -14.3125}",True,,1
sft,allenai/OLMo-2-1124-7B-SFT,2,Mary,baseline_ordinary,script_knowledge,she eats at the restaurants she visits,she doesn't actually enjoy eating at restaurants,"Mary is a journalist who often goes to restaurants after her interviews.
Question: Based on this, is it likely or unlikely that she eats at the restaurants she visits?
(A) Likely
(B) Unlikely
Answer with the letter only.
Answer:","{'A': 'likely', 'B': 'unlikely'}",likely,A,"{'option_a': ' A', 'score_a': -11.75, 'option_b': ' B', 'score_b': -16.75}",True,,1
sft,allenai/OLMo-2-1124-7B-SFT,2,Mary,baseline_ordinary,inference_derivation,she eats at the restaurants she visits,she doesn't actually enjoy eating at restaurants,"Mary is a journalist who often goes to restaurants after her interviews. Yesterday, she went to a popular Chinese place. As she was leaving, she ran into her friend David, and they started talking about the restaurant. After they parted, David continued on his way when he suddenly ran into Sally, a mutual friend of him and Mary.
David said to Sally: ""I ran into Mary leaving that Chinese place. She got to see their kitchen.""
Question: Based on this conversation, is it likely or unlikely that she doesn't actually enjoy eating at restaurants?
(A) Unlikely
(B) Likely
Answer with the letter only.
Answer:","{'A': 'unlikely', 'B': 'likely'}",unlikely,A,"{'option_a': ' A', 'score_a': -13.1875, 'option_b': ' B', 'score_b': -15.0}",True,,0
sft,allenai/OLMo-2-1124-7B-SFT,2,Mary,baseline_wonky,script_knowledge,she eats at the restaurants she visits,she doesn't actually enjoy eating at restaurants,"Mary is a journalist who often interviews restaurant waiters, but doesn't like eating out.
Question: Based on this, is it likely or unlikely that she eats at the restaurants she visits?
(A) Likely
(B) Unlikely
Answer with the letter only.
Answer:","{'A': 'likely', 'B': 'unlikely'}",unlikely,B,"{'option_a': ' A', 'score_a': -14.375, 'option_b': ' B', 'score_b': -12.3125}",True,,0
sft,allenai/OLMo-2-1124-7B-SFT,2,Mary,baseline_wonky,inference_derivation,she eats at the restaurants she visits,she doesn't actually enjoy eating at restaurants,"Mary is a journalist who often interviews restaurant waiters, but doesn't like eating out. Yesterday, she went to a popular Chinese place. As she was leaving, she ran into her friend David, and they started talking about the restaurant. After they parted, David continued on his way when he suddenly ran into Sally, a mutual friend of him and Mary.
David said to Sally: ""I ran into Mary leaving that Chinese place. She got to see their kitchen.""
Question: Based on this conversation, is it likely or unlikely that she doesn't actually enjoy eating at restaurants?
(A) Likely
(B) Unlikely
Answer with the letter only.
Answer:","{'A': 'likely', 'B': 'unlikely'}",likely,A,"{'option_a': ' A', 'score_a': -11.0625, 'option_b': ' B', 'score_b': -12.8125}",True,,1
sft,allenai/OLMo-2-1124-7B-SFT,3,Jim,critical,script_knowledge,he keeps the common areas of the apartment clean,he doesn't keep the common areas of the apartment clean,"Jim lives in a shared apartment, where it's his job to feed the dog in the evenings.
Question: Based on this, is it likely or unlikely that he keeps the common areas of the apartment clean?
(A) Unlikely
(B) Likely
Answer with the letter only.
Answer:","{'A': 'unlikely', 'B': 'likely'}",likely,B,"{'option_a': ' A', 'score_a': -12.3125, 'option_b': ' B', 'score_b': -11.625}",True,,1
sft,allenai/OLMo-2-1124-7B-SFT,3,Jim,critical,inference_derivation,he keeps the common areas of the apartment clean,he doesn't keep the common areas of the apartment clean,"Jim lives in a shared apartment, where it's his job to feed the dog in the evenings. The other day he was feeding the dog some canned food, as his roommate Lucy came into the kitchen, and made herself a snack while chatting with him. Later in the evening, she settled down to watch TV alone with their roommate Carl.
Lucy said to Carl: ""Jim was feeding the dog earlier. He threw the can away.""
Question: Based on this conversation, is it likely or unlikely that he doesn't keep the common areas of the apartment clean?
(A) Likely
(B) Unlikely
Answer with the letter only.
Answer:","{'A': 'likely', 'B': 'unlikely'}",likely,A,"{'option_a': ' A', 'score_a': -10.8125, 'option_b': ' B', 'score_b': -11.5625}",True,,1
sft,allenai/OLMo-2-1124-7B-SFT,3,Jim,resolved,script_knowledge,he keeps the common areas of the apartment clean,he doesn't keep the common areas of the apartment clean,"Jim lives in a shared apartment with his dog, but can't seem to keep the common areas clean.
Question: Based on this, is it likely or unlikely that he keeps the common areas of the apartment clean?
(A) Likely
(B) Unlikely
Answer with the letter only.
Answer:","{'A': 'likely', 'B': 'unlikely'}",unlikely,B,"{'option_a': ' A', 'score_a': -18.0, 'option_b': ' B', 'score_b': -10.6875}",True,,0
sft,allenai/OLMo-2-1124-7B-SFT,3,Jim,resolved,inference_derivation,he keeps the common areas of the apartment clean,he doesn't keep the common areas of the apartment clean,"Jim lives in a shared apartment with his dog, but can't seem to keep the common areas clean. The other day he was feeding the dog some canned food, as his roommate Lucy came into the kitchen, and made herself a snack while chatting with him. Later in the evening, she settled down to watch TV alone with their roommate Carl.
Lucy said to Carl: ""Jim was feeding the dog earlier. He threw the can away.""
Question: Based on this conversation, is it likely or unlikely that he doesn't keep the common areas of the apartment clean?
(A) Likely
(B) Unlikely
Answer with the letter only.
Answer:","{'A': 'likely', 'B': 'unlikely'}",likely,A,"{'option_a': ' A', 'score_a': -12.0, 'option_b': ' B', 'score_b': -15.0625}",True,,1
sft,allenai/OLMo-2-1124-7B-SFT,3,Jim,baseline_ordinary,script_knowledge,he keeps the common areas of the apartment clean,he doesn't keep the common areas of the apartment clean,"Jim lives in a shared apartment, where it's his job to feed the dog in the evenings.
Question: Based on this, is it likely or unlikely that he keeps the common areas of the apartment clean?
(A) Unlikely
(B) Likely
Answer with the letter only.
Answer:","{'A': 'unlikely', 'B': 'likely'}",likely,B,"{'option_a': ' A', 'score_a': -12.3125, 'option_b': ' B', 'score_b': -11.625}",True,,1
sft,allenai/OLMo-2-1124-7B-SFT,3,Jim,baseline_ordinary,inference_derivation,he keeps the common areas of the apartment clean,he doesn't keep the common areas of the apartment clean,"Jim lives in a shared apartment, where it's his job to feed the dog in the evenings. The other day he was feeding the dog some canned food, as his roommate Lucy came into the kitchen, and made herself a snack while chatting with him. Later in the evening, she settled down to watch TV alone with their roommate Carl.
Lucy said to Carl: ""Jim was feeding the dog earlier. He had to add some medication to the food.""
Question: Based on this conversation, is it likely or unlikely that he doesn't keep the common areas of the apartment clean?
(A) Likely
(B) Unlikely
Answer with the letter only.
Answer:","{'A': 'likely', 'B': 'unlikely'}",likely,A,"{'option_a': ' A', 'score_a': -12.5, 'option_b': ' B', 'score_b': -13.25}",True,,1
sft,allenai/OLMo-2-1124-7B-SFT,3,Jim,baseline_wonky,script_knowledge,he keeps the common areas of the apartment clean,he doesn't keep the common areas of the apartment clean,"Jim lives in a shared apartment with his dog, but can't seem to keep the common areas clean.
Question: Based on this, is it likely or unlikely that he keeps the common areas of the apartment clean?
(A) Likely
(B) Unlikely
Answer with the letter only.
Answer:","{'A': 'likely', 'B': 'unlikely'}",unlikely,B,"{'option_a': ' A', 'score_a': -18.0, 'option_b': ' B', 'score_b': -10.6875}",True,,0
sft,allenai/OLMo-2-1124-7B-SFT,3,Jim,baseline_wonky,inference_derivation,he keeps the common areas of the apartment clean,he doesn't keep the common areas of the apartment clean,"Jim lives in a shared apartment with his dog, but can't seem to keep the common areas clean. The other day he was feeding the dog some canned food, as his roommate Lucy came into the kitchen, and made herself a snack while chatting with him. Later in the evening, she settled down to watch TV alone with their roommate Carl.
Lucy said to Carl: ""Jim was feeding the dog earlier. He had to add some medication to the food.""
Question: Based on this conversation, is it likely or unlikely that he doesn't keep the common areas of the apartment clean?
(A) Likely
(B) Unlikely
Answer with the letter only.
Answer:","{'A': 'likely', 'B': 'unlikely'}",likely,A,"{'option_a': ' A', 'score_a': -12.1875, 'option_b': ' B', 'score_b': -14.375}",True,,1
sft,allenai/OLMo-2-1124-7B-SFT,4,Jane,critical,script_knowledge,she pays for her subway rides,she doesn't pay for her subway rides,"Jane takes the subway all the time to get around the city.
Question: Based on this, is it likely or unlikely that she pays for her subway rides?
(A) Unlikely
(B) Likely
Answer with the letter only.
Answer:","{'A': 'unlikely', 'B': 'likely'}",likely,B,"{'option_a': ' A', 'score_a': -11.5625, 'option_b': ' B', 'score_b': -10.3125}",True,,1
sft,allenai/OLMo-2-1124-7B-SFT,4,Jane,critical,inference_derivation,she pays for her subway rides,she doesn't pay for her subway rides,"Jane takes the subway all the time to get around the city. Today she was entering a subway station when she ran into her friend Don, and they took the train together as they were heading in the same direction. Later that day, Don ran into Beth, Jane's sister, on the street.
Don said to Beth: ""I took a train with Jane today. She bought a subway ticket.""
Question: Based on this conversation, is it likely or unlikely that she doesn't pay for her subway rides?
(A) Likely
(B) Unlikely
Answer with the letter only.
Answer:","{'A': 'likely', 'B': 'unlikely'}",unlikely,B,"{'option_a': ' A', 'score_a': -10.875, 'option_b': ' B', 'score_b': -9.5625}",True,,0
sft,allenai/OLMo-2-1124-7B-SFT,4,Jane,resolved,script_knowledge,she pays for her subway rides,she doesn't pay for her subway rides,"Jane takes the subway all the time to get around the city, but rarely pays for her rides.
Question: Based on this, is it likely or unlikely that she pays for her subway rides?
(A) Likely
(B) Unlikely
Answer with the letter only.
Answer:","{'A': 'likely', 'B': 'unlikely'}",unlikely,B,"{'option_a': ' A', 'score_a': -12.8125, 'option_b': ' B', 'score_b': -11.4375}",True,,0
sft,allenai/OLMo-2-1124-7B-SFT,4,Jane,resolved,inference_derivation,she pays for her subway rides,she doesn't pay for her subway rides,"Jane takes the subway all the time to get around the city, but rarely pays for her rides. Today she was entering a subway station when she ran into her friend Don, and they took the train together as they were heading in the same direction. Later that day, Don ran into Beth, Jane's sister, on the street.
Don said to Beth: ""I took a train with Jane today. She bought a subway ticket.""
Question: Based on this conversation, is it likely or unlikely that she doesn't pay for her subway rides?
(A) Unlikely
(B) Likely
Answer with the letter only.
Answer:","{'A': 'unlikely', 'B': 'likely'}",unlikely,A,"{'option_a': ' A', 'score_a': -11.8125, 'option_b': ' B', 'score_b': -13.1875}",True,,0
sft,allenai/OLMo-2-1124-7B-SFT,4,Jane,baseline_ordinary,script_knowledge,she pays for her subway rides,she doesn't pay for her subway rides,"Jane takes the subway all the time to get around the city.
Question: Based on this, is it likely or unlikely that she pays for her subway rides?
(A) Likely
(B) Unlikely
Answer with the letter only.
Answer:","{'A': 'likely', 'B': 'unlikely'}",likely,A,"{'option_a': ' A', 'score_a': -10.875, 'option_b': ' B', 'score_b': -12.9375}",True,,1
sft,allenai/OLMo-2-1124-7B-SFT,4,Jane,baseline_ordinary,inference_derivation,she pays for her subway rides,she doesn't pay for her subway rides,"Jane takes the subway all the time to get around the city. Today she was entering a subway station when she ran into her friend Don, and they took the train together as they were heading in the same direction. Later that day, Don ran into Beth, Jane's sister, on the street.
Don said to Beth: ""I took a train with Jane today. She almost fell off the platform.""
Question: Based on this conversation, is it likely or unlikely that she doesn't pay for her subway rides?
(A) Unlikely
(B) Likely
Answer with the letter only.
Answer:","{'A': 'unlikely', 'B': 'likely'}",unlikely,A,"{'option_a': ' A', 'score_a': -12.1875, 'option_b': ' B', 'score_b': -13.375}",True,,0
sft,allenai/OLMo-2-1124-7B-SFT,4,Jane,baseline_wonky,script_knowledge,she pays for her subway rides,she doesn't pay for her subway rides,"Jane takes the subway all the time to get around the city, but rarely pays for her rides.
Question: Based on this, is it likely or unlikely that she pays for her subway rides?
(A) Likely
(B) Unlikely
Answer with the letter only.
Answer:","{'A': 'likely', 'B': 'unlikely'}",unlikely,B,"{'option_a': ' A', 'score_a': -12.8125, 'option_b': ' B', 'score_b': -11.4375}",True,,0
sft,allenai/OLMo-2-1124-7B-SFT,4,Jane,baseline_wonky,inference_derivation,she pays for her subway rides,she doesn't pay for her subway rides,"Jane takes the subway all the time to get around the city, but rarely pays for her rides. Today she was entering a subway station when she ran into her friend Don, and they took the train together as they were heading in the same direction. Later that day, Don ran into Beth, Jane's sister, on the street.
Don said to Beth: ""I took a train with Jane today. She almost fell off the platform.""
Question: Based on this conversation, is it likely or unlikely that she doesn't pay for her subway rides?
(A) Unlikely
(B) Likely
Answer with the letter only.
Answer:","{'A': 'unlikely', 'B': 'likely'}",unlikely,A,"{'option_a': ' A', 'score_a': -12.875, 'option_b': ' B', 'score_b': -12.9375}",True,,0
sft,allenai/OLMo-2-1124-7B-SFT,5,Rick,critical,script_knowledge,he pays attention to what he's doing when he fuels up,he doesn't pay attention to what he's doing when he fuels up,"Rick prefers to go to the local gas station to fuel up, though they overcharge him.
Question: Based on this, is it likely or unlikely that he pays attention to what he's doing when he fuels up?
(A) Unlikely
(B) Likely
Answer with the letter only.
Answer:","{'A': 'unlikely', 'B': 'likely'}",unlikely,A,"{'option_a': ' A', 'score_a': -11.75, 'option_b': ' B', 'score_b': -12.5}",True,,0
sft,allenai/OLMo-2-1124-7B-SFT,5,Rick,critical,inference_derivation,he pays attention to what he's doing when he fuels up,he doesn't pay attention to what he's doing when he fuels up,"Rick prefers to go to the local gas station to fuel up, though they overcharge him. Yesterday he was fueling up there when he saw his friend Annie. They talked until he was finished, then said goodbye. After he was gone Annie went inside to buy some cigarettes, and ran into Sean, a mutual friend of theirs.
Annie said to Sean: ""Rick just fueled up here. He closed the fuel cap.""
Question: Based on this conversation, is it likely or unlikely that he doesn't pay attention to what he's doing when he fuels up?
(A) Likely
(B) Unlikely
Answer with the letter only.
Answer:","{'A': 'likely', 'B': 'unlikely'}",unlikely,B,"{'option_a': ' A', 'score_a': -12.1875, 'option_b': ' B', 'score_b': -12.0625}",True,,0
sft,allenai/OLMo-2-1124-7B-SFT,5,Rick,resolved,script_knowledge,he pays attention to what he's doing when he fuels up,he doesn't pay attention to what he's doing when he fuels up,"Rick often doesn't pay attention to what he's doing when he fuels up at the local gas station.
Question: Based on this, is it likely or unlikely that he pays attention to what he's doing when he fuels up?
(A) Unlikely
(B) Likely
Answer with the letter only.
Answer:","{'A': 'unlikely', 'B': 'likely'}",unlikely,A,"{'option_a': ' A', 'score_a': -10.75, 'option_b': ' B', 'score_b': -12.0}",True,,0
sft,allenai/OLMo-2-1124-7B-SFT,5,Rick,resolved,inference_derivation,he pays attention to what he's doing when he fuels up,he doesn't pay attention to what he's doing when he fuels up,"Rick often doesn't pay attention to what he's doing when he fuels up at the local gas station. Yesterday he was fueling up there when he saw his friend Annie. They talked until he was finished, then said goodbye. After he was gone Annie went inside to buy some cigarettes, and ran into Sean, a mutual friend of theirs.
Annie said to Sean: ""Rick just fueled up here. He closed the fuel cap.""
Question: Based on this conversation, is it likely or unlikely that he doesn't pay attention to what he's doing when he fuels up?
(A) Likely
(B) Unlikely
Answer with the letter only.
Answer:","{'A': 'likely', 'B': 'unlikely'}",likely,A,"{'option_a': ' A', 'score_a': -12.0, 'option_b': ' B', 'score_b': -17.0}",True,,1
sft,allenai/OLMo-2-1124-7B-SFT,5,Rick,baseline_ordinary,script_knowledge,he pays attention to what he's doing when he fuels up,he doesn't pay attention to what he's doing when he fuels up,"Rick prefers to go to the local gas station to fuel up, though they overcharge him.
Question: Based on this, is it likely or unlikely that he pays attention to what he's doing when he fuels up?
(A) Unlikely
(B) Likely
Answer with the letter only.
Answer:","{'A': 'unlikely', 'B': 'likely'}",unlikely,A,"{'option_a': ' A', 'score_a': -11.75, 'option_b': ' B', 'score_b': -12.5}",True,,0
sft,allenai/OLMo-2-1124-7B-SFT,5,Rick,baseline_ordinary,inference_derivation,he pays attention to what he's doing when he fuels up,he doesn't pay attention to what he's doing when he fuels up,"Rick prefers to go to the local gas station to fuel up, though they overcharge him. Yesterday he was fueling up there when he saw his friend Annie. They talked until he was finished, then said goodbye. After he was gone Annie went inside to buy some cigarettes, and ran into Sean, a mutual friend of theirs.
Annie said to Sean: ""Rick just fueled up here. He got some discounted gas.""
Question: Based on this conversation, is it likely or unlikely that he doesn't pay attention to what he's doing when he fuels up?
(A) Likely
(B) Unlikely
Answer with the letter only.
Answer:","{'A': 'likely', 'B': 'unlikely'}",unlikely,B,"{'option_a': ' A', 'score_a': -11.875, 'option_b': ' B', 'score_b': -11.5}",True,,0
sft,allenai/OLMo-2-1124-7B-SFT,5,Rick,baseline_wonky,script_knowledge,he pays attention to what he's doing when he fuels up,he doesn't pay attention to what he's doing when he fuels up,"Rick often doesn't pay attention to what he's doing when he fuels up at the local gas station.
Question: Based on this, is it likely or unlikely that he pays attention to what he's doing when he fuels up?
(A) Unlikely
(B) Likely
Answer with the letter only.
Answer:","{'A': 'unlikely', 'B': 'likely'}",unlikely,A,"{'option_a': ' A', 'score_a': -10.75, 'option_b': ' B', 'score_b': -12.0}",True,,0
sft,allenai/OLMo-2-1124-7B-SFT,5,Rick,baseline_wonky,inference_derivation,he pays attention to what he's doing when he fuels up,he doesn't pay attention to what he's doing when he fuels up,"Rick often doesn't pay attention to what he's doing when he fuels up at the local gas station. Yesterday he was fueling up there when he saw his friend Annie. They talked until he was finished, then said goodbye. After he was gone Annie went inside to buy some cigarettes, and ran into Sean, a mutual friend of theirs.
Annie said to Sean: ""Rick just fueled up here. He got some discounted gas.""
Question: Based on this conversation, is it likely or unlikely that he doesn't pay attention to what he's doing when he fuels up?
(A) Unlikely
(B) Likely
Answer with the letter only.
Answer:","{'A': 'unlikely', 'B': 'likely'}",likely,B,"{'option_a': ' A', 'score_a': -14.1875, 'option_b': ' B', 'score_b': -12.3125}",True,,1
sft,allenai/OLMo-2-1124-7B-SFT,6,Lisa,critical,script_knowledge,she remembers to bring the things she needs when swimming,she often forgets to bring the things she needs,"Lisa likes to go swimming at a nearby pool after work.
Question: Based on this, is it likely or unlikely that she remembers to bring the things she needs when swimming?
(A) Likely
(B) Unlikely
Answer with the letter only.
Answer:","{'A': 'likely', 'B': 'unlikely'}",likely,A,"{'option_a': ' A', 'score_a': -11.6875, 'option_b': ' B', 'score_b': -16.5}",True,,1
sft,allenai/OLMo-2-1124-7B-SFT,6,Lisa,critical,inference_derivation,she remembers to bring the things she needs when swimming,she often forgets to bring the things she needs,"Lisa likes to go swimming at a nearby pool after work. A couple days ago she was at the pool when she saw Harvey, another regular member, and they stopped to chat. After Harvey changed and went out into the pool area, he ran into Jen, another swimmer and a friend of Lisa's.
Harvey said to Jen: ""Lisa's here to swim, too. She brought her swimsuit.""
Question: Based on this conversation, is it likely or unlikely that she often forgets to bring the things she needs?
(A) Unlikely
(B) Likely
Answer with the letter only.
Answer:","{'A': 'unlikely', 'B': 'likely'}",unlikely,A,"{'option_a': ' A', 'score_a': -12.1875, 'option_b': ' B', 'score_b': -15.6875}",True,,0
sft,allenai/OLMo-2-1124-7B-SFT,6,Lisa,resolved,script_knowledge,she remembers to bring the things she needs when swimming,she often forgets to bring the things she needs,"Lisa likes to go swimming regularly, but often forgets to bring the things she needs.
Question: Based on this, is it likely or unlikely that she remembers to bring the things she needs when swimming?
(A) Likely
(B) Unlikely
Answer with the letter only.
Answer:","{'A': 'likely', 'B': 'unlikely'}",unlikely,B,"{'option_a': ' A', 'score_a': -10.25, 'option_b': ' B', 'score_b': -10.25}",True,,0
sft,allenai/OLMo-2-1124-7B-SFT,6,Lisa,resolved,inference_derivation,she remembers to bring the things she needs when swimming,she often forgets to bring the things she needs,"Lisa likes to go swimming regularly, but often forgets to bring the things she needs. A couple days ago she was at the pool when she saw Harvey, another regular member, and they stopped to chat. After Harvey changed and went out into the pool area, he ran into Jen, another swimmer and a friend of Lisa's.
Harvey said to Jen: ""Lisa's here to swim, too. She brought her swimsuit.""
Question: Based on this conversation, is it likely or unlikely that she often forgets to bring the things she needs?
(A) Unlikely
(B) Likely
Answer with the letter only.
Answer:","{'A': 'unlikely', 'B': 'likely'}",likely,B,"{'option_a': ' A', 'score_a': -12.3125, 'option_b': ' B', 'score_b': -11.1875}",True,,1
sft,allenai/OLMo-2-1124-7B-SFT,6,Lisa,baseline_ordinary,script_knowledge,she remembers to bring the things she needs when swimming,she often forgets to bring the things she needs,"Lisa likes to go swimming at a nearby pool after work.
Question: Based on this, is it likely or unlikely that she remembers to bring the things she needs when swimming?
(A) Unlikely
(B) Likely
Answer with the letter only.
Answer:","{'A': 'unlikely', 'B': 'likely'}",likely,B,"{'option_a': ' A', 'score_a': -15.875, 'option_b': ' B', 'score_b': -11.625}",True,,1
sft,allenai/OLMo-2-1124-7B-SFT,6,Lisa,baseline_ordinary,inference_derivation,she remembers to bring the things she needs when swimming,she often forgets to bring the things she needs,"Lisa likes to go swimming at a nearby pool after work. A couple days ago she was at the pool when she saw Harvey, another regular member, and they stopped to chat. After Harvey changed and went out into the pool area, he ran into Jen, another swimmer and a friend of Lisa's.
Harvey said to Jen: ""Lisa's here to swim, too. She came with her children.""
Question: Based on this conversation, is it likely or unlikely that she often forgets to bring the things she needs?
(A) Unlikely
(B) Likely
Answer with the letter only.
Answer:","{'A': 'unlikely', 'B': 'likely'}",unlikely,A,"{'option_a': ' A', 'score_a': -12.375, 'option_b': ' B', 'score_b': -14.375}",True,,0
sft,allenai/OLMo-2-1124-7B-SFT,6,Lisa,baseline_wonky,script_knowledge,she remembers to bring the things she needs when swimming,she often forgets to bring the things she needs,"Lisa likes to go swimming regularly, but often forgets to bring the things she needs.
Question: Based on this, is it likely or unlikely that she remembers to bring the things she needs when swimming?
(A) Likely
(B) Unlikely
Answer with the letter only.
Answer:","{'A': 'likely', 'B': 'unlikely'}",unlikely,B,"{'option_a': ' A', 'score_a': -10.25, 'option_b': ' B', 'score_b': -10.25}",True,,0
sft,allenai/OLMo-2-1124-7B-SFT,6,Lisa,baseline_wonky,inference_derivation,she remembers to bring the things she needs when swimming,she often forgets to bring the things she needs,"Lisa likes to go swimming regularly, but often forgets to bring the things she needs. A couple days ago she was at the pool when she saw Harvey, another regular member, and they stopped to chat. After Harvey changed and went out into the pool area, he ran into Jen, another swimmer and a friend of Lisa's.
Harvey said to Jen: ""Lisa's here to swim, too. She came with her children.""
Question: Based on this conversation, is it likely or unlikely that she often forgets to bring the things she needs?
(A) Likely
(B) Unlikely
Answer with the letter only.
Answer:","{'A': 'likely', 'B': 'unlikely'}",likely,A,"{'option_a': ' A', 'score_a': -13.4375, 'option_b': ' B', 'score_b': -17.0}",True,,1
sft,allenai/OLMo-2-1124-7B-SFT,7,Brian,critical,script_knowledge,he gets off at his stop on the train,he often misses his stop on the train,"Brian takes the train most mornings, though the commute takes a long time.
Question: Based on this, is it likely or unlikely that he gets off at his stop on the train?
(A) Likely
(B) Unlikely
Answer with the letter only.
Answer:","{'A': 'likely', 'B': 'unlikely'}",likely,A,"{'option_a': ' A', 'score_a': -11.5, 'option_b': ' B', 'score_b': -15.5}",True,,1
sft,allenai/OLMo-2-1124-7B-SFT,7,Brian,critical,inference_derivation,he gets off at his stop on the train,he often misses his stop on the train,"Brian takes the train most mornings, though the commute takes a long time. Last week when he was getting on the train, he ran into his old colleague Rachel, and they chatted until Brian got off. When Rachel got to work, she saw Oliver, who also used to work with Brian.
Rachel said to Oliver: ""I saw Brian on the train this morning. He got off at his stop.""
Question: Based on this conversation, is it likely or unlikely that he often misses his stop on the train?
(A) Likely
(B) Unlikely
Answer with the letter only.
Answer:","{'A': 'likely', 'B': 'unlikely'}",unlikely,B,"{'option_a': ' A', 'score_a': -12.9375, 'option_b': ' B', 'score_b': -12.8125}",True,,0
sft,allenai/OLMo-2-1124-7B-SFT,7,Brian,resolved,script_knowledge,he gets off at his stop on the train,he often misses his stop on the train,"Brian takes the train most mornings, though he has a terrible habit of getting distracted and missing his stop.
Question: Based on this, is it likely or unlikely that he gets off at his stop on the train?
(A) Likely
(B) Unlikely
Answer with the letter only.
Answer:","{'A': 'likely', 'B': 'unlikely'}",likely,A,"{'option_a': ' A', 'score_a': -10.875, 'option_b': ' B', 'score_b': -11.375}",True,,1
sft,allenai/OLMo-2-1124-7B-SFT,7,Brian,resolved,inference_derivation,he gets off at his stop on the train,he often misses his stop on the train,"Brian takes the train most mornings, though he has a terrible habit of getting distracted and missing his stop. Last week when he was getting on the train, he ran into his old colleague Rachel, and they chatted until Brian got off. When Rachel got to work, she saw Oliver, who also used to work with Brian.
Rachel said to Oliver: ""I saw Brian on the train this morning. He got off at his stop.""
Question: Based on this conversation, is it likely or unlikely that he often misses his stop on the train?
(A) Likely
(B) Unlikely
Answer with the letter only.
Answer:","{'A': 'likely', 'B': 'unlikely'}",likely,A,"{'option_a': ' A', 'score_a': -12.4375, 'option_b': ' B', 'score_b': -13.3125}",True,,1
sft,allenai/OLMo-2-1124-7B-SFT,7,Brian,baseline_ordinary,script_knowledge,he gets off at his stop on the train,he often misses his stop on the train,"Brian takes the train most mornings, though the commute takes a long time.
Question: Based on this, is it likely or unlikely that he gets off at his stop on the train?
(A) Unlikely
(B) Likely
Answer with the letter only.
Answer:","{'A': 'unlikely', 'B': 'likely'}",likely,B,"{'option_a': ' A', 'score_a': -14.9375, 'option_b': ' B', 'score_b': -11.5}",True,,1
sft,allenai/OLMo-2-1124-7B-SFT,7,Brian,baseline_ordinary,inference_derivation,he gets off at his stop on the train,he often misses his stop on the train,"Brian takes the train most mornings, though the commute takes a long time. Last week when he was getting on the train, he ran into his old colleague Rachel, and they chatted until Brian got off. When Rachel got to work, she saw Oliver, who also used to work with Brian.
Rachel said to Oliver: ""I saw Brian on the train this morning. He was running late to work.""
Question: Based on this conversation, is it likely or unlikely that he often misses his stop on the train?
(A) Unlikely
(B) Likely
Answer with the letter only.
Answer:","{'A': 'unlikely', 'B': 'likely'}",unlikely,A,"{'option_a': ' A', 'score_a': -11.875, 'option_b': ' B', 'score_b': -12.375}",True,,0
sft,allenai/OLMo-2-1124-7B-SFT,7,Brian,baseline_wonky,script_knowledge,he gets off at his stop on the train,he often misses his stop on the train,"Brian takes the train most mornings, though he has a terrible habit of getting distracted and missing his stop.
Question: Based on this, is it likely or unlikely that he gets off at his stop on the train?
(A) Unlikely
(B) Likely
Answer with the letter only.
Answer:","{'A': 'unlikely', 'B': 'likely'}",likely,B,"{'option_a': ' A', 'score_a': -10.75, 'option_b': ' B', 'score_b': -10.625}",True,,1
sft,allenai/OLMo-2-1124-7B-SFT,7,Brian,baseline_wonky,inference_derivation,he gets off at his stop on the train,he often misses his stop on the train,"Brian takes the train most mornings, though he has a terrible habit of getting distracted and missing his stop. Last week when he was getting on the train, he ran into his old colleague Rachel, and they chatted until Brian got off. When Rachel got to work, she saw Oliver, who also used to work with Brian.
Rachel said to Oliver: ""I saw Brian on the train this morning. He was running late to work.""
Question: Based on this conversation, is it likely or unlikely that he often misses his stop on the train?
(A) Likely
(B) Unlikely
Answer with the letter only.
Answer:","{'A': 'likely', 'B': 'unlikely'}",likely,A,"{'option_a': ' A', 'score_a': -12.125, 'option_b': ' B', 'score_b': -15.3125}",True,,1
sft,allenai/OLMo-2-1124-7B-SFT,8,Laura,critical,script_knowledge,she remembers her things when leaving the house,she is scatter-brained in everyday life,"Laura works as a software engineer at a large company.
Question: Based on this, is it likely or unlikely that she remembers her things when leaving the house?
(A) Likely
(B) Unlikely
Answer with the letter only.
Answer:","{'A': 'likely', 'B': 'unlikely'}",likely,A,"{'option_a': ' A', 'score_a': -9.8125, 'option_b': ' B', 'score_b': -14.875}",True,,1
sft,allenai/OLMo-2-1124-7B-SFT,8,Laura,critical,inference_derivation,she remembers her things when leaving the house,she is scatter-brained in everyday life,"Laura works as a software engineer at a large company. A couple of days ago she was getting ready to leave for work together with her husband Dustin. After they both left the house, he ran to catch his bus, and met up with Courtney, an acquaintance who took the same bus with him every day.
Dustin said to Courtney: ""Laura was just getting ready for work with me. She grabbed her house keys.""
Question: Based on this conversation, is it likely or unlikely that she is scatter-brained in everyday life?
(A) Likely
(B) Unlikely
Answer with the letter only.
Answer:","{'A': 'likely', 'B': 'unlikely'}",likely,A,"{'option_a': ' A', 'score_a': -12.9375, 'option_b': ' B', 'score_b': -13.625}",True,,1
sft,allenai/OLMo-2-1124-7B-SFT,8,Laura,resolved,script_knowledge,she remembers her things when leaving the house,she is scatter-brained in everyday life,"Laura works as a software engineer at a large company, but is scatter-brained in everyday life.
Question: Based on this, is it likely or unlikely that she remembers her things when leaving the house?
(A) Unlikely
(B) Likely
Answer with the letter only.
Answer:","{'A': 'unlikely', 'B': 'likely'}",unlikely,A,"{'option_a': ' A', 'score_a': -11.6875, 'option_b': ' B', 'score_b': -12.375}",True,,0
sft,allenai/OLMo-2-1124-7B-SFT,8,Laura,resolved,inference_derivation,she remembers her things when leaving the house,she is scatter-brained in everyday life,"Laura works as a software engineer at a large company, but is scatter-brained in everyday life. A couple of days ago she was getting ready to leave for work together with her husband Dustin. After they both left the house, he ran to catch his bus, and met up with Courtney, an acquaintance who took the same bus with him every day.
Dustin said to Courtney: ""Laura was just getting ready for work with me. She grabbed her house keys.""
Question: Based on this conversation, is it likely or unlikely that she is scatter-brained in everyday life?
(A) Unlikely
(B) Likely
Answer with the letter only.
Answer:","{'A': 'unlikely', 'B': 'likely'}",likely,B,"{'option_a': ' A', 'score_a': -12.9375, 'option_b': ' B', 'score_b': -11.8125}",True,,1
sft,allenai/OLMo-2-1124-7B-SFT,8,Laura,baseline_ordinary,script_knowledge,she remembers her things when leaving the house,she is scatter-brained in everyday life,"Laura works as a software engineer at a large company.
Question: Based on this, is it likely or unlikely that she remembers her things when leaving the house?
(A) Unlikely
(B) Likely
Answer with the letter only.
Answer:","{'A': 'unlikely', 'B': 'likely'}",likely,B,"{'option_a': ' A', 'score_a': -14.6875, 'option_b': ' B', 'score_b': -10.5}",True,,1
sft,allenai/OLMo-2-1124-7B-SFT,8,Laura,baseline_ordinary,inference_derivation,she remembers her things when leaving the house,she is scatter-brained in everyday life,"Laura works as a software engineer at a large company. A couple of days ago she was getting ready to leave for work together with her husband Dustin. After they both left the house, he ran to catch his bus, and met up with Courtney, an acquaintance who took the same bus with him every day.
Dustin said to Courtney: ""Laura was just getting ready for work with me. She put on several layers of clothing.""
Question: Based on this conversation, is it likely or unlikely that she is scatter-brained in everyday life?
(A) Likely
(B) Unlikely
Answer with the letter only.
Answer:","{'A': 'likely', 'B': 'unlikely'}",unlikely,B,"{'option_a': ' A', 'score_a': -13.1875, 'option_b': ' B', 'score_b': -12.5}",True,,0
sft,allenai/OLMo-2-1124-7B-SFT,8,Laura,baseline_wonky,script_knowledge,she remembers her things when leaving the house,she is scatter-brained in everyday life,"Laura works as a software engineer at a large company, but is scatter-brained in everyday life.
Question: Based on this, is it likely or unlikely that she remembers her things when leaving the house?
(A) Likely
(B) Unlikely
Answer with the letter only.
Answer:","{'A': 'likely', 'B': 'unlikely'}",likely,A,"{'option_a': ' A', 'score_a': -10.875, 'option_b': ' B', 'score_b': -11.25}",True,,1
sft,allenai/OLMo-2-1124-7B-SFT,8,Laura,baseline_wonky,inference_derivation,she remembers her things when leaving the house,she is scatter-brained in everyday life,"Laura works as a software engineer at a large company, but is scatter-brained in everyday life. A couple of days ago she was getting ready to leave for work together with her husband Dustin. After they both left the house, he ran to catch his bus, and met up with Courtney, an acquaintance who took the same bus with him every day.
Dustin said to Courtney: ""Laura was just getting ready for work with me. She put on several layers of clothing.""
Question: Based on this conversation, is it likely or unlikely that she is scatter-brained in everyday life?
(A) Unlikely
(B) Likely
Answer with the letter only.
Answer:","{'A': 'unlikely', 'B': 'likely'}",likely,B,"{'option_a': ' A', 'score_a': -12.3125, 'option_b': ' B', 'score_b': -11.6875}",True,,1
sft,allenai/OLMo-2-1124-7B-SFT,9,Bruce,critical,script_knowledge,he gets examined by the doctor at the medical practice,"he usually only sees the nurse, not the doctor","Bruce goes to his local medical practice every few years.
Question: Based on this, is it likely or unlikely that he gets examined by the doctor at the medical practice?
(A) Likely
(B) Unlikely
Answer with the letter only.
Answer:","{'A': 'likely', 'B': 'unlikely'}",likely,A,"{'option_a': ' A', 'score_a': -11.25, 'option_b': ' B', 'score_b': -16.75}",True,,1
sft,allenai/OLMo-2-1124-7B-SFT,9,Bruce,critical,inference_derivation,he gets examined by the doctor at the medical practice,"he usually only sees the nurse, not the doctor","Bruce goes to his local medical practice every few years. Yesterday after leaving the practice he ran into his friend Sarah on the street, and they stopped to catch up. After they parted, Sarah walked on and soon saw Bruce's brother Drake on the street. She stopped to say Hi.
Sarah said to Drake: ""Bruce was just leaving the medical practice. He got examined by the doctor.""
Question: Based on this conversation, is it likely or unlikely that he usually only sees the nurse, not the doctor?
(A) Unlikely
(B) Likely
Answer with the letter only.
Answer:","{'A': 'unlikely', 'B': 'likely'}",unlikely,A,"{'option_a': ' A', 'score_a': -13.0, 'option_b': ' B', 'score_b': -14.6875}",True,,0
sft,allenai/OLMo-2-1124-7B-SFT,9,Bruce,resolved,script_knowledge,he gets examined by the doctor at the medical practice,"he usually only sees the nurse, not the doctor","Bruce goes to his local medical practice every few years, but usually only sees the nurse.
Question: Based on this, is it likely or unlikely that he gets examined by the doctor at the medical practice?
(A) Unlikely
(B) Likely
Answer with the letter only.
Answer:","{'A': 'unlikely', 'B': 'likely'}",likely,B,"{'option_a': ' A', 'score_a': -13.0625, 'option_b': ' B', 'score_b': -12.375}",True,,1
sft,allenai/OLMo-2-1124-7B-SFT,9,Bruce,resolved,inference_derivation,he gets examined by the doctor at the medical practice,"he usually only sees the nurse, not the doctor","Bruce goes to his local medical practice every few years, but usually only sees the nurse. Yesterday after leaving the practice he ran into his friend Sarah on the street, and they stopped to catch up. After they parted, Sarah walked on and soon saw Bruce's brother Drake on the street. She stopped to say Hi.
Sarah said to Drake: ""Bruce was just leaving the medical practice. He got examined by the doctor.""
Question: Based on this conversation, is it likely or unlikely that he usually only sees the nurse, not the doctor?
(A) Unlikely
(B) Likely
Answer with the letter only.
Answer:","{'A': 'unlikely', 'B': 'likely'}",unlikely,A,"{'option_a': ' A', 'score_a': -12.4375, 'option_b': ' B', 'score_b': -13.5625}",True,,0
sft,allenai/OLMo-2-1124-7B-SFT,9,Bruce,baseline_ordinary,script_knowledge,he gets examined by the doctor at the medical practice,"he usually only sees the nurse, not the doctor","Bruce goes to his local medical practice every few years.
Question: Based on this, is it likely or unlikely that he gets examined by the doctor at the medical practice?
(A) Likely
(B) Unlikely
Answer with the letter only.
Answer:","{'A': 'likely', 'B': 'unlikely'}",likely,A,"{'option_a': ' A', 'score_a': -11.25, 'option_b': ' B', 'score_b': -16.75}",True,,1
sft,allenai/OLMo-2-1124-7B-SFT,9,Bruce,baseline_ordinary,inference_derivation,he gets examined by the doctor at the medical practice,"he usually only sees the nurse, not the doctor","Bruce goes to his local medical practice every few years. Yesterday after leaving the practice he ran into his friend Sarah on the street, and they stopped to catch up. After they parted, Sarah walked on and soon saw Bruce's brother Drake on the street. She stopped to say Hi.
Sarah said to Drake: ""Bruce was just leaving the medical practice. He was wearing a heart rate monitor.""
Question: Based on this conversation, is it likely or unlikely that he usually only sees the nurse, not the doctor?
(A) Unlikely
(B) Likely
Answer with the letter only.
Answer:","{'A': 'unlikely', 'B': 'likely'}",unlikely,A,"{'option_a': ' A', 'score_a': -12.875, 'option_b': ' B', 'score_b': -13.875}",True,,0
sft,allenai/OLMo-2-1124-7B-SFT,9,Bruce,baseline_wonky,script_knowledge,he gets examined by the doctor at the medical practice,"he usually only sees the nurse, not the doctor","Bruce goes to his local medical practice every few years, but usually only sees the nurse.
Question: Based on this, is it likely or unlikely that he gets examined by the doctor at the medical practice?
(A) Likely
(B) Unlikely
Answer with the letter only.
Answer:","{'A': 'likely', 'B': 'unlikely'}",likely,A,"{'option_a': ' A', 'score_a': -11.1875, 'option_b': ' B', 'score_b': -12.375}",True,,1
sft,allenai/OLMo-2-1124-7B-SFT,9,Bruce,baseline_wonky,inference_derivation,he gets examined by the doctor at the medical practice,"he usually only sees the nurse, not the doctor","Bruce goes to his local medical practice every few years, but usually only sees the nurse. Yesterday after leaving the practice he ran into his friend Sarah on the street, and they stopped to catch up. After they parted, Sarah walked on and soon saw Bruce's brother Drake on the street. She stopped to say Hi.
Sarah said to Drake: ""Bruce was just leaving the medical practice. He was wearing a heart rate monitor.""
Question: Based on this conversation, is it likely or unlikely that he usually only sees the nurse, not the doctor?
(A) Unlikely
(B) Likely
Answer with the letter only.
Answer:","{'A': 'unlikely', 'B': 'likely'}",unlikely,A,"{'option_a': ' A', 'score_a': -13.5, 'option_b': ' B', 'score_b': -14.3125}",True,,0
sft,allenai/OLMo-2-1124-7B-SFT,10,Olivia,critical,script_knowledge,she uses shampoo to wash her hair,"she uses a cleansing conditioner only, not shampoo","Olivia has beautiful hair, and pays a lot of attention to it.
Question: Based on this, is it likely or unlikely that she uses shampoo to wash her hair?
(A) Unlikely
(B) Likely
Answer with the letter only.
Answer:","{'A': 'unlikely', 'B': 'likely'}",likely,B,"{'option_a': ' A', 'score_a': -19.875, 'option_b': ' B', 'score_b': -13.625}",True,,1
sft,allenai/OLMo-2-1124-7B-SFT,10,Olivia,critical,inference_derivation,she uses shampoo to wash her hair,"she uses a cleansing conditioner only, not shampoo","Olivia has beautiful hair, and pays a lot of attention to it. Today, when she was leaving the bathroom after showering, she ran into her roommate and best friend Thomas. She talked to him briefly about her hair, as she tends to do. Later that day, when their housemate Jill came home, she and Thomas started talking about Olivia.
Thomas said to Jill: ""Olivia was talking to me about washing her hair. She used shampoo.""
Question: Based on this conversation, is it likely or unlikely that she uses a cleansing conditioner only, not shampoo?
(A) Likely
(B) Unlikely
Answer with the letter only.
Answer:","{'A': 'likely', 'B': 'unlikely'}",unlikely,B,"{'option_a': ' A', 'score_a': -15.1875, 'option_b': ' B', 'score_b': -12.375}",True,,0
sft,allenai/OLMo-2-1124-7B-SFT,10,Olivia,resolved,script_knowledge,she uses shampoo to wash her hair,"she uses a cleansing conditioner only, not shampoo","Olivia has beautiful hair, although she uses a cleansing conditioner only.
Question: Based on this, is it likely or unlikely that she uses shampoo to wash her hair?
(A) Unlikely
(B) Likely
Answer with the letter only.
Answer:","{'A': 'unlikely', 'B': 'likely'}",unlikely,A,"{'option_a': ' A', 'score_a': -10.8125, 'option_b': ' B', 'score_b': -12.6875}",True,,0
sft,allenai/OLMo-2-1124-7B-SFT,10,Olivia,resolved,inference_derivation,she uses shampoo to wash her hair,"she uses a cleansing conditioner only, not shampoo","Olivia has beautiful hair, although she uses a cleansing conditioner only. Today, when she was leaving the bathroom after showering, she ran into her roommate and best friend Thomas. She talked to him briefly about her hair, as she tends to do. Later that day, when their housemate Jill came home, she and Thomas started talking about Olivia.
Thomas said to Jill: ""Olivia was talking to me about washing her hair. She used shampoo.""
Question: Based on this conversation, is it likely or unlikely that she uses a cleansing conditioner only, not shampoo?
(A) Unlikely
(B) Likely
Answer with the letter only.
Answer:","{'A': 'unlikely', 'B': 'likely'}",likely,B,"{'option_a': ' A', 'score_a': -13.3125, 'option_b': ' B', 'score_b': -12.125}",True,,1
sft,allenai/OLMo-2-1124-7B-SFT,10,Olivia,baseline_ordinary,script_knowledge,she uses shampoo to wash her hair,"she uses a cleansing conditioner only, not shampoo","Olivia has beautiful hair, and pays a lot of attention to it.
Question: Based on this, is it likely or unlikely that she uses shampoo to wash her hair?
(A) Unlikely
(B) Likely
Answer with the letter only.
Answer:","{'A': 'unlikely', 'B': 'likely'}",likely,B,"{'option_a': ' A', 'score_a': -19.875, 'option_b': ' B', 'score_b': -13.625}",True,,1
sft,allenai/OLMo-2-1124-7B-SFT,10,Olivia,baseline_ordinary,inference_derivation,she uses shampoo to wash her hair,"she uses a cleansing conditioner only, not shampoo","Olivia has beautiful hair, and pays a lot of attention to it. Today, when she was leaving the bathroom after showering, she ran into her roommate and best friend Thomas. She talked to him briefly about her hair, as she tends to do. Later that day, when their housemate Jill came home, she and Thomas started talking about Olivia.
Thomas said to Jill: ""Olivia was talking to me about washing her hair. She found some split ends.""
Question: Based on this conversation, is it likely or unlikely that she uses a cleansing conditioner only, not shampoo?
(A) Unlikely
(B) Likely
Answer with the letter only.
Answer:","{'A': 'unlikely', 'B': 'likely'}",unlikely,A,"{'option_a': ' A', 'score_a': -13.5, 'option_b': ' B', 'score_b': -15.25}",True,,0
sft,allenai/OLMo-2-1124-7B-SFT,10,Olivia,baseline_wonky,script_knowledge,she uses shampoo to wash her hair,"she uses a cleansing conditioner only, not shampoo","Olivia has beautiful hair, although she uses a cleansing conditioner only.
Question: Based on this, is it likely or unlikely that she uses shampoo to wash her hair?
(A) Likely
(B) Unlikely
Answer with the letter only.
Answer:","{'A': 'likely', 'B': 'unlikely'}",unlikely,B,"{'option_a': ' A', 'score_a': -14.5, 'option_b': ' B', 'score_b': -12.5}",True,,0
sft,allenai/OLMo-2-1124-7B-SFT,10,Olivia,baseline_wonky,inference_derivation,she uses shampoo to wash her hair,"she uses a cleansing conditioner only, not shampoo","Olivia has beautiful hair, although she uses a cleansing conditioner only. Today, when she was leaving the bathroom after showering, she ran into her roommate and best friend Thomas. She talked to him briefly about her hair, as she tends to do. Later that day, when their housemate Jill came home, she and Thomas started talking about Olivia.
Thomas said to Jill: ""Olivia was talking to me about washing her hair. She found some split ends.""
Question: Based on this conversation, is it likely or unlikely that she uses a cleansing conditioner only, not shampoo?
(A) Unlikely
(B) Likely
Answer with the letter only.
Answer:","{'A': 'unlikely', 'B': 'likely'}",likely,B,"{'option_a': ' A', 'score_a': -13.25, 'option_b': ' B', 'score_b': -12.375}",True,,1
sft,allenai/OLMo-2-1124-7B-SFT,11,Jared,critical,script_knowledge,he actually jumps out of the plane during skydiving courses,he is still terrified of heights,"Jared takes skydiving courses at the local airfield, when he has free time.
Question: Based on this, is it likely or unlikely that he actually jumps out of the plane during skydiving courses?
(A) Likely
(B) Unlikely
Answer with the letter only.
Answer:","{'A': 'likely', 'B': 'unlikely'}",likely,A,"{'option_a': ' A', 'score_a': -11.5, 'option_b': ' B', 'score_b': -15.0}",True,,1
sft,allenai/OLMo-2-1124-7B-SFT,11,Jared,critical,inference_derivation,he actually jumps out of the plane during skydiving courses,he is still terrified of heights,"Jared takes skydiving courses at the local airfield, when he has free time. Last week he was at the skydiving center, with his friend Stella in the same group as him. They spent the day together, and when Stella went home in the evening, she texted Jared's brother Don, who was also a good friend of hers.
Stella said to Don: ""Jared was in the skydiving course today. He jumped out of the plane.""
Question: Based on this conversation, is it likely or unlikely that he is still terrified of heights?
(A) Likely
(B) Unlikely
Answer with the letter only.
Answer:","{'A': 'likely', 'B': 'unlikely'}",likely,A,"{'option_a': ' A', 'score_a': -13.3125, 'option_b': ' B', 'score_b': -14.125}",True,,1
sft,allenai/OLMo-2-1124-7B-SFT,11,Jared,resolved,script_knowledge,he actually jumps out of the plane during skydiving courses,he is still terrified of heights,"Jared takes skydiving courses at the local airfield, although he is still terrified of heights.
Question: Based on this, is it likely or unlikely that he actually jumps out of the plane during skydiving courses?
(A) Unlikely
(B) Likely
Answer with the letter only.
Answer:","{'A': 'unlikely', 'B': 'likely'}",unlikely,A,"{'option_a': ' A', 'score_a': -10.3125, 'option_b': ' B', 'score_b': -10.75}",True,,0
sft,allenai/OLMo-2-1124-7B-SFT,11,Jared,resolved,inference_derivation,he actually jumps out of the plane during skydiving courses,he is still terrified of heights,"Jared takes skydiving courses at the local airfield, although he is still terrified of heights. Last week he was at the skydiving center, with his friend Stella in the same group as him. They spent the day together, and when Stella went home in the evening, she texted Jared's brother Don, who was also a good friend of hers.
Stella said to Don: ""Jared was in the skydiving course today. He jumped out of the plane.""
Question: Based on this conversation, is it likely or unlikely that he is still terrified of heights?
(A) Likely
(B) Unlikely
Answer with the letter only.
Answer:","{'A': 'likely', 'B': 'unlikely'}",likely,A,"{'option_a': ' A', 'score_a': -11.9375, 'option_b': ' B', 'score_b': -13.875}",True,,1
sft,allenai/OLMo-2-1124-7B-SFT,11,Jared,baseline_ordinary,script_knowledge,he actually jumps out of the plane during skydiving courses,he is still terrified of heights,"Jared takes skydiving courses at the local airfield, when he has free time.
Question: Based on this, is it likely or unlikely that he actually jumps out of the plane during skydiving courses?
(A) Unlikely
(B) Likely
Answer with the letter only.
Answer:","{'A': 'unlikely', 'B': 'likely'}",likely,B,"{'option_a': ' A', 'score_a': -12.125, 'option_b': ' B', 'score_b': -10.125}",True,,1
sft,allenai/OLMo-2-1124-7B-SFT,11,Jared,baseline_ordinary,inference_derivation,he actually jumps out of the plane during skydiving courses,he is still terrified of heights,"Jared takes skydiving courses at the local airfield, when he has free time. Last week he was at the skydiving center, with his friend Stella in the same group as him. They spent the day together, and when Stella went home in the evening, she texted Jared's brother Don, who was also a good friend of hers.
Stella said to Don: ""Jared was in the skydiving course today. He was the first to jump.""
Question: Based on this conversation, is it likely or unlikely that he is still terrified of heights?
(A) Unlikely
(B) Likely
Answer with the letter only.
Answer:","{'A': 'unlikely', 'B': 'likely'}",unlikely,A,"{'option_a': ' A', 'score_a': -13.0, 'option_b': ' B', 'score_b': -16.0}",True,,0
sft,allenai/OLMo-2-1124-7B-SFT,11,Jared,baseline_wonky,script_knowledge,he actually jumps out of the plane during skydiving courses,he is still terrified of heights,"Jared takes skydiving courses at the local airfield, although he is still terrified of heights.
Question: Based on this, is it likely or unlikely that he actually jumps out of the plane during skydiving courses?
(A) Unlikely
(B) Likely
Answer with the letter only.
Answer:","{'A': 'unlikely', 'B': 'likely'}",unlikely,A,"{'option_a': ' A', 'score_a': -10.3125, 'option_b': ' B', 'score_b': -10.75}",True,,0
sft,allenai/OLMo-2-1124-7B-SFT,11,Jared,baseline_wonky,inference_derivation,he actually jumps out of the plane during skydiving courses,he is still terrified of heights,"Jared takes skydiving courses at the local airfield, although he is still terrified of heights. Last week he was at the skydiving center, with his friend Stella in the same group as him. They spent the day together, and when Stella went home in the evening, she texted Jared's brother Don, who was also a good friend of hers.
Stella said to Don: ""Jared was in the skydiving course today. He was the first to jump.""
Question: Based on this conversation, is it likely or unlikely that he is still terrified of heights?
(A) Likely
(B) Unlikely
Answer with the letter only.
Answer:","{'A': 'likely', 'B': 'unlikely'}",likely,A,"{'option_a': ' A', 'score_a': -12.0625, 'option_b': ' B', 'score_b': -14.4375}",True,,1
sft,allenai/OLMo-2-1124-7B-SFT,12,Amy,critical,script_knowledge,she mails the letters she writes,she keeps her letters rather than mailing them,"Amy enjoys writing letters to people she is close to, especially around holidays.
Question: Based on this, is it likely or unlikely that she mails the letters she writes?
(A) Unlikely
(B) Likely
Answer with the letter only.
Answer:","{'A': 'unlikely', 'B': 'likely'}",likely,B,"{'option_a': ' A', 'score_a': -20.0, 'option_b': ' B', 'score_b': -14.3125}",True,,1
sft,allenai/OLMo-2-1124-7B-SFT,12,Amy,critical,inference_derivation,she mails the letters she writes,she keeps her letters rather than mailing them,"Amy enjoys writing letters to people she is close to, especially around holidays. About two days ago, she wrote a letter to her cousin Michelle, and today she talked about it with her brother Steve. In the evening, Steve got a call from Michelle, and they started talking about family.
Steve said to Michelle: ""Amy wrote you a letter. She mailed it.""
Question: Based on this conversation, is it likely or unlikely that she keeps her letters rather than mailing them?
(A) Unlikely
(B) Likely
Answer with the letter only.
Answer:","{'A': 'unlikely', 'B': 'likely'}",likely,B,"{'option_a': ' A', 'score_a': -13.3125, 'option_b': ' B', 'score_b': -13.0625}",True,,1
sft,allenai/OLMo-2-1124-7B-SFT,12,Amy,resolved,script_knowledge,she mails the letters she writes,she keeps her letters rather than mailing them,"Amy enjoys writing letters to people she is close to, but prefers to keep them to herself rather than mailing them.
Question: Based on this, is it likely or unlikely that she mails the letters she writes?
(A) Likely
(B) Unlikely
Answer with the letter only.
Answer:","{'A': 'likely', 'B': 'unlikely'}",unlikely,B,"{'option_a': ' A', 'score_a': -17.25, 'option_b': ' B', 'score_b': -11.625}",True,,0
sft,allenai/OLMo-2-1124-7B-SFT,12,Amy,resolved,inference_derivation,she mails the letters she writes,she keeps her letters rather than mailing them,"Amy enjoys writing letters to people she is close to, but prefers to keep them to herself rather than mailing them. About two days ago, she wrote a letter to her cousin Michelle, and today she talked about it with her brother Steve. In the evening, Steve got a call from Michelle, and they started talking about family.
Steve said to Michelle: ""Amy wrote you a letter. She mailed it.""
Question: Based on this conversation, is it likely or unlikely that she keeps her letters rather than mailing them?
(A) Unlikely
(B) Likely
Answer with the letter only.
Answer:","{'A': 'unlikely', 'B': 'likely'}",likely,B,"{'option_a': ' A', 'score_a': -12.75, 'option_b': ' B', 'score_b': -12.0625}",True,,1
sft,allenai/OLMo-2-1124-7B-SFT,12,Amy,baseline_ordinary,script_knowledge,she mails the letters she writes,she keeps her letters rather than mailing them,"Amy enjoys writing letters to people she is close to, especially around holidays.
Question: Based on this, is it likely or unlikely that she mails the letters she writes?
(A) Likely
(B) Unlikely
Answer with the letter only.
Answer:","{'A': 'likely', 'B': 'unlikely'}",likely,A,"{'option_a': ' A', 'score_a': -13.25, 'option_b': ' B', 'score_b': -19.875}",True,,1
sft,allenai/OLMo-2-1124-7B-SFT,12,Amy,baseline_ordinary,inference_derivation,she mails the letters she writes,she keeps her letters rather than mailing them,"Amy enjoys writing letters to people she is close to, especially around holidays. About two days ago, she wrote a letter to her cousin Michelle, and today she talked about it with her brother Steve. In the evening, Steve got a call from Michelle, and they started talking about family.
Steve said to Michelle: ""Amy wrote you a letter. She used really expensive stationery.""
Question: Based on this conversation, is it likely or unlikely that she keeps her letters rather than mailing them?
(A) Likely
(B) Unlikely
Answer with the letter only.
Answer:","{'A': 'likely', 'B': 'unlikely'}",unlikely,B,"{'option_a': ' A', 'score_a': -14.1875, 'option_b': ' B', 'score_b': -13.5}",True,,0
sft,allenai/OLMo-2-1124-7B-SFT,12,Amy,baseline_wonky,script_knowledge,she mails the letters she writes,she keeps her letters rather than mailing them,"Amy enjoys writing letters to people she is close to, but prefers to keep them to herself rather than mailing them.
Question: Based on this, is it likely or unlikely that she mails the letters she writes?
(A) Unlikely
(B) Likely
Answer with the letter only.
Answer:","{'A': 'unlikely', 'B': 'likely'}",unlikely,A,"{'option_a': ' A', 'score_a': -11.9375, 'option_b': ' B', 'score_b': -16.625}",True,,0
sft,allenai/OLMo-2-1124-7B-SFT,12,Amy,baseline_wonky,inference_derivation,she mails the letters she writes,she keeps her letters rather than mailing them,"Amy enjoys writing letters to people she is close to, but prefers to keep them to herself rather than mailing them. About two days ago, she wrote a letter to her cousin Michelle, and today she talked about it with her brother Steve. In the evening, Steve got a call from Michelle, and they started talking about family.
Steve said to Michelle: ""Amy wrote you a letter. She used really expensive stationery.""
Question: Based on this conversation, is it likely or unlikely that she keeps her letters rather than mailing them?
(A) Likely
(B) Unlikely
Answer with the letter only.
Answer:","{'A': 'likely', 'B': 'unlikely'}",likely,A,"{'option_a': ' A', 'score_a': -13.3125, 'option_b': ' B', 'score_b': -16.625}",True,,1
sft,allenai/OLMo-2-1124-7B-SFT,13,Adam,critical,script_knowledge,he walks to the bus stop,he bikes to the bus stop rather than walking,"Adam usually takes the bus to work, as the stop is a few blocks from his house.
Question: Based on this, is it likely or unlikely that he walks to the bus stop?
(A) Unlikely
(B) Likely
Answer with the letter only.
Answer:","{'A': 'unlikely', 'B': 'likely'}",likely,B,"{'option_a': ' A', 'score_a': -12.9375, 'option_b': ' B', 'score_b': -12.0}",True,,1
sft,allenai/OLMo-2-1124-7B-SFT,13,Adam,critical,inference_derivation,he walks to the bus stop,he bikes to the bus stop rather than walking,"Adam usually takes the bus to work, as the stop is a few blocks from his house. Last week, after he got off the bus, he ran into Virginia, his ex-girlfriend. They stopped for a little while to catch up.
Adam said to Virginia: ""I took the bus this morning. I walked to the bus stop.""
Question: Based on this conversation, is it likely or unlikely that he bikes to the bus stop rather than walking?
(A) Unlikely
(B) Likely
Answer with the letter only.
Answer:","{'A': 'unlikely', 'B': 'likely'}",likely,B,"{'option_a': ' A', 'score_a': -12.5, 'option_b': ' B', 'score_b': -11.875}",True,,1
sft,allenai/OLMo-2-1124-7B-SFT,13,Adam,resolved,script_knowledge,he walks to the bus stop,he bikes to the bus stop rather than walking,"Adam usually takes the bus to work, but bikes to the stop although it's only a few blocks from his house.
Question: Based on this, is it likely or unlikely that he walks to the bus stop?
(A) Unlikely
(B) Likely
Answer with the letter only.
Answer:","{'A': 'unlikely', 'B': 'likely'}",unlikely,A,"{'option_a': ' A', 'score_a': -14.0, 'option_b': ' B', 'score_b': -14.0625}",True,,0
sft,allenai/OLMo-2-1124-7B-SFT,13,Adam,resolved,inference_derivation,he walks to the bus stop,he bikes to the bus stop rather than walking,"Adam usually takes the bus to work, but bikes to the stop although it's only a few blocks from his house. Last week, after he got off the bus, he ran into Virginia, his ex-girlfriend. They stopped for a little while to catch up.
Adam said to Virginia: ""I took the bus this morning. I walked to the bus stop.""
Question: Based on this conversation, is it likely or unlikely that he bikes to the bus stop rather than walking?
(A) Likely
(B) Unlikely
Answer with the letter only.
Answer:","{'A': 'likely', 'B': 'unlikely'}",unlikely,B,"{'option_a': ' A', 'score_a': -12.9375, 'option_b': ' B', 'score_b': -11.1875}",True,,0
sft,allenai/OLMo-2-1124-7B-SFT,13,Adam,baseline_ordinary,script_knowledge,he walks to the bus stop,he bikes to the bus stop rather than walking,"Adam usually takes the bus to work, as the stop is a few blocks from his house.
Question: Based on this, is it likely or unlikely that he walks to the bus stop?
(A) Unlikely
(B) Likely
Answer with the letter only.
Answer:","{'A': 'unlikely', 'B': 'likely'}",likely,B,"{'option_a': ' A', 'score_a': -12.9375, 'option_b': ' B', 'score_b': -12.0}",True,,1
sft,allenai/OLMo-2-1124-7B-SFT,13,Adam,baseline_ordinary,inference_derivation,he walks to the bus stop,he bikes to the bus stop rather than walking,"Adam usually takes the bus to work, as the stop is a few blocks from his house. Last week, after he got off the bus, he ran into Virginia, his ex-girlfriend. They stopped for a little while to catch up.
Adam said to Virginia: ""I took the bus this morning. I barely had room to stand.""
Question: Based on this conversation, is it likely or unlikely that he bikes to the bus stop rather than walking?
(A) Likely
(B) Unlikely
Answer with the letter only.
Answer:","{'A': 'likely', 'B': 'unlikely'}",unlikely,B,"{'option_a': ' A', 'score_a': -13.1875, 'option_b': ' B', 'score_b': -12.5}",True,,0
sft,allenai/OLMo-2-1124-7B-SFT,13,Adam,baseline_wonky,script_knowledge,he walks to the bus stop,he bikes to the bus stop rather than walking,"Adam usually takes the bus to work, but bikes to the stop although it's only a few blocks from his house.
Question: Based on this, is it likely or unlikely that he walks to the bus stop?
(A) Likely
(B) Unlikely
Answer with the letter only.
Answer:","{'A': 'likely', 'B': 'unlikely'}",unlikely,B,"{'option_a': ' A', 'score_a': -14.1875, 'option_b': ' B', 'score_b': -12.875}",True,,0
sft,allenai/OLMo-2-1124-7B-SFT,13,Adam,baseline_wonky,inference_derivation,he walks to the bus stop,he bikes to the bus stop rather than walking,"Adam usually takes the bus to work, but bikes to the stop although it's only a few blocks from his house. Last week, after he got off the bus, he ran into Virginia, his ex-girlfriend. They stopped for a little while to catch up.
Adam said to Virginia: ""I took the bus this morning. I barely had room to stand.""
Question: Based on this conversation, is it likely or unlikely that he bikes to the bus stop rather than walking?
(A) Likely
(B) Unlikely
Answer with the letter only.
Answer:","{'A': 'likely', 'B': 'unlikely'}",unlikely,B,"{'option_a': ' A', 'score_a': -12.75, 'option_b': ' B', 'score_b': -12.0625}",True,,0
sft,allenai/OLMo-2-1124-7B-SFT,14,Esther,critical,script_knowledge,she tries on clothes when shopping with friends,she finds clothes shopping boring and doesn't try anything on,"Esther often goes along with her friends when they go clothes shopping, as it's something she also enjoys.
Question: Based on this, is it likely or unlikely that she tries on clothes when shopping with friends?
(A) Likely
(B) Unlikely
Answer with the letter only.
Answer:","{'A': 'likely', 'B': 'unlikely'}",likely,A,"{'option_a': ' A', 'score_a': -11.625, 'option_b': ' B', 'score_b': -18.125}",True,,1
sft,allenai/OLMo-2-1124-7B-SFT,14,Esther,critical,inference_derivation,she tries on clothes when shopping with friends,she finds clothes shopping boring and doesn't try anything on,"Esther often goes along with her friends when they go clothes shopping, as it's something she also enjoys. Today, when she was walking out of a mall after spending time with her friends, she ran into George, another old friend of hers. They decided to catch up while walking to the bus stop.
Esther said to George: ""I was out clothes shopping. I tried something on.""
Question: Based on this conversation, is it likely or unlikely that she finds clothes shopping boring and doesn't try anything on?
(A) Unlikely
(B) Likely
Answer with the letter only.
Answer:","{'A': 'unlikely', 'B': 'likely'}",unlikely,A,"{'option_a': ' A', 'score_a': -11.5625, 'option_b': ' B', 'score_b': -15.4375}",True,,0
sft,allenai/OLMo-2-1124-7B-SFT,14,Esther,resolved,script_knowledge,she tries on clothes when shopping with friends,she finds clothes shopping boring and doesn't try anything on,"Esther often goes along with her friends when they go clothes shopping, although it bores her, and she just reads as they browse.
Question: Based on this, is it likely or unlikely that she tries on clothes when shopping with friends?
(A) Likely
(B) Unlikely
Answer with the letter only.
Answer:","{'A': 'likely', 'B': 'unlikely'}",unlikely,B,"{'option_a': ' A', 'score_a': -10.1875, 'option_b': ' B', 'score_b': -10.1875}",True,,0
sft,allenai/OLMo-2-1124-7B-SFT,14,Esther,resolved,inference_derivation,she tries on clothes when shopping with friends,she finds clothes shopping boring and doesn't try anything on,"Esther often goes along with her friends when they go clothes shopping, although it bores her, and she just reads as they browse. Today, when she was walking out of a mall after spending time with her friends, she ran into George, another old friend of hers. They decided to catch up while walking to the bus stop.
Esther said to George: ""I was out clothes shopping. I tried something on.""
Question: Based on this conversation, is it likely or unlikely that she finds clothes shopping boring and doesn't try anything on?
(A) Unlikely
(B) Likely
Answer with the letter only.
Answer:","{'A': 'unlikely', 'B': 'likely'}",likely,B,"{'option_a': ' A', 'score_a': -14.3125, 'option_b': ' B', 'score_b': -12.25}",True,,1
sft,allenai/OLMo-2-1124-7B-SFT,14,Esther,baseline_ordinary,script_knowledge,she tries on clothes when shopping with friends,she finds clothes shopping boring and doesn't try anything on,"Esther often goes along with her friends when they go clothes shopping, as it's something she also enjoys.
Question: Based on this, is it likely or unlikely that she tries on clothes when shopping with friends?
(A) Likely
(B) Unlikely
Answer with the letter only.
Answer:","{'A': 'likely', 'B': 'unlikely'}",likely,A,"{'option_a': ' A', 'score_a': -11.625, 'option_b': ' B', 'score_b': -18.125}",True,,1
sft,allenai/OLMo-2-1124-7B-SFT,14,Esther,baseline_ordinary,inference_derivation,she tries on clothes when shopping with friends,she finds clothes shopping boring and doesn't try anything on,"Esther often goes along with her friends when they go clothes shopping, as it's something she also enjoys. Today, when she was walking out of a mall after spending time with her friends, she ran into George, another old friend of hers. They decided to catch up while walking to the bus stop.
Esther said to George: ""I was out clothes shopping. I came across a big sale.""
Question: Based on this conversation, is it likely or unlikely that she finds clothes shopping boring and doesn't try anything on?
(A) Likely
(B) Unlikely
Answer with the letter only.
Answer:","{'A': 'likely', 'B': 'unlikely'}",likely,A,"{'option_a': ' A', 'score_a': -12.75, 'option_b': ' B', 'score_b': -12.8125}",True,,1
sft,allenai/OLMo-2-1124-7B-SFT,14,Esther,baseline_wonky,script_knowledge,she tries on clothes when shopping with friends,she finds clothes shopping boring and doesn't try anything on,"Esther often goes along with her friends when they go clothes shopping, although it bores her, and she just reads as they browse.
Question: Based on this, is it likely or unlikely that she tries on clothes when shopping with friends?
(A) Unlikely
(B) Likely
Answer with the letter only.
Answer:","{'A': 'unlikely', 'B': 'likely'}",unlikely,A,"{'option_a': ' A', 'score_a': -10.5625, 'option_b': ' B', 'score_b': -12.25}",True,,0
sft,allenai/OLMo-2-1124-7B-SFT,14,Esther,baseline_wonky,inference_derivation,she tries on clothes when shopping with friends,she finds clothes shopping boring and doesn't try anything on,"Esther often goes along with her friends when they go clothes shopping, although it bores her, and she just reads as they browse. Today, when she was walking out of a mall after spending time with her friends, she ran into George, another old friend of hers. They decided to catch up while walking to the bus stop.
Esther said to George: ""I was out clothes shopping. I came across a big sale.""
Question: Based on this conversation, is it likely or unlikely that she finds clothes shopping boring and doesn't try anything on?
(A) Unlikely
(B) Likely
Answer with the letter only.
Answer:","{'A': 'unlikely', 'B': 'likely'}",likely,B,"{'option_a': ' A', 'score_a': -12.0625, 'option_b': ' B', 'score_b': -11.0625}",True,,1
sft,allenai/OLMo-2-1124-7B-SFT,15,Nick,critical,script_knowledge,he boils pasta in water,he prefers pasta that doesn't need to be pre-boiled,"Nick enjoys making pasta dishes for his roommates, as it's an easy way to contribute to the household.
Question: Based on this, is it likely or unlikely that he boils pasta in water?
(A) Unlikely
(B) Likely
Answer with the letter only.
Answer:","{'A': 'unlikely', 'B': 'likely'}",likely,B,"{'option_a': ' A', 'score_a': -18.75, 'option_b': ' B', 'score_b': -13.5625}",True,,1
sft,allenai/OLMo-2-1124-7B-SFT,15,Nick,critical,inference_derivation,he boils pasta in water,he prefers pasta that doesn't need to be pre-boiled,"Nick enjoys making pasta dishes for his roommates, as it's an easy way to contribute to the household. Yesterday he was preparing pasta in the kitchen, to sit in the fridge until a party tomorrow. When he was done and cleaning up, his roommate Clara came into the kitchen, and they started talking about his dish.
Nick said to Clara: ""I made some pasta for the meal. I boiled it in water.""
Question: Based on this conversation, is it likely or unlikely that he prefers pasta that doesn't need to be pre-boiled?
(A) Likely
(B) Unlikely
Answer with the letter only.
Answer:","{'A': 'likely', 'B': 'unlikely'}",unlikely,B,"{'option_a': ' A', 'score_a': -13.0, 'option_b': ' B', 'score_b': -12.0625}",True,,0
sft,allenai/OLMo-2-1124-7B-SFT,15,Nick,resolved,script_knowledge,he boils pasta in water,he prefers pasta that doesn't need to be pre-boiled,"Nick enjoys making pasta dishes for his roommates, but prefers to bake fresh pasta that doesn't need to be pre-boiled.
Question: Based on this, is it likely or unlikely that he boils pasta in water?
(A) Unlikely
(B) Likely
Answer with the letter only.
Answer:","{'A': 'unlikely', 'B': 'likely'}",unlikely,A,"{'option_a': ' A', 'score_a': -11.5, 'option_b': ' B', 'score_b': -12.8125}",True,,0
sft,allenai/OLMo-2-1124-7B-SFT,15,Nick,resolved,inference_derivation,he boils pasta in water,he prefers pasta that doesn't need to be pre-boiled,"Nick enjoys making pasta dishes for his roommates, but prefers to bake fresh pasta that doesn't need to be pre-boiled. Yesterday he was preparing pasta in the kitchen, to sit in the fridge until a party tomorrow. When he was done and cleaning up, his roommate Clara came into the kitchen, and they started talking about his dish.
Nick said to Clara: ""I made some pasta for the meal. I boiled it in water.""
Question: Based on this conversation, is it likely or unlikely that he prefers pasta that doesn't need to be pre-boiled?
(A) Likely
(B) Unlikely
Answer with the letter only.
Answer:","{'A': 'likely', 'B': 'unlikely'}",unlikely,B,"{'option_a': ' A', 'score_a': -13.875, 'option_b': ' B', 'score_b': -13.375}",True,,0
sft,allenai/OLMo-2-1124-7B-SFT,15,Nick,baseline_ordinary,script_knowledge,he boils pasta in water,he prefers pasta that doesn't need to be pre-boiled,"Nick enjoys making pasta dishes for his roommates, as it's an easy way to contribute to the household.
Question: Based on this, is it likely or unlikely that he boils pasta in water?
(A) Likely
(B) Unlikely
Answer with the letter only.
Answer:","{'A': 'likely', 'B': 'unlikely'}",likely,A,"{'option_a': ' A', 'score_a': -13.875, 'option_b': ' B', 'score_b': -18.375}",True,,1
sft,allenai/OLMo-2-1124-7B-SFT,15,Nick,baseline_ordinary,inference_derivation,he boils pasta in water,he prefers pasta that doesn't need to be pre-boiled,"Nick enjoys making pasta dishes for his roommates, as it's an easy way to contribute to the household. Yesterday he was preparing pasta in the kitchen, to sit in the fridge until a party tomorrow. When he was done and cleaning up, his roommate Clara came into the kitchen, and they started talking about his dish.
Nick said to Clara: ""I made some pasta for the meal. I added some vegetables.""
Question: Based on this conversation, is it likely or unlikely that he prefers pasta that doesn't need to be pre-boiled?
(A) Unlikely
(B) Likely
Answer with the letter only.
Answer:","{'A': 'unlikely', 'B': 'likely'}",likely,B,"{'option_a': ' A', 'score_a': -12.9375, 'option_b': ' B', 'score_b': -12.5}",True,,1
sft,allenai/OLMo-2-1124-7B-SFT,15,Nick,baseline_wonky,script_knowledge,he boils pasta in water,he prefers pasta that doesn't need to be pre-boiled,"Nick enjoys making pasta dishes for his roommates, but prefers to bake fresh pasta that doesn't need to be pre-boiled.
Question: Based on this, is it likely or unlikely that he boils pasta in water?
(A) Likely
(B) Unlikely
Answer with the letter only.
Answer:","{'A': 'likely', 'B': 'unlikely'}",unlikely,B,"{'option_a': ' A', 'score_a': -12.125, 'option_b': ' B', 'score_b': -10.75}",True,,0
sft,allenai/OLMo-2-1124-7B-SFT,15,Nick,baseline_wonky,inference_derivation,he boils pasta in water,he prefers pasta that doesn't need to be pre-boiled,"Nick enjoys making pasta dishes for his roommates, but prefers to bake fresh pasta that doesn't need to be pre-boiled. Yesterday he was preparing pasta in the kitchen, to sit in the fridge until a party tomorrow. When he was done and cleaning up, his roommate Clara came into the kitchen, and they started talking about his dish.
Nick said to Clara: ""I made some pasta for the meal. I added some vegetables.""
Question: Based on this conversation, is it likely or unlikely that he prefers pasta that doesn't need to be pre-boiled?
(A) Unlikely
(B) Likely
Answer with the letter only.
Answer:","{'A': 'unlikely', 'B': 'likely'}",likely,B,"{'option_a': ' A', 'score_a': -15.875, 'option_b': ' B', 'score_b': -12.3125}",True,,1
sft,allenai/OLMo-2-1124-7B-SFT,16,Grace,critical,script_knowledge,she preheats the oven when baking,she is terrible at following basic directions in recipes,"Grace enjoys baking, as it's a great way to make new friends.
Question: Based on this, is it likely or unlikely that she preheats the oven when baking?
(A) Unlikely
(B) Likely
Answer with the letter only.
Answer:","{'A': 'unlikely', 'B': 'likely'}",likely,B,"{'option_a': ' A', 'score_a': -17.5, 'option_b': ' B', 'score_b': -12.1875}",True,,1
sft,allenai/OLMo-2-1124-7B-SFT,16,Grace,critical,inference_derivation,she preheats the oven when baking,she is terrible at following basic directions in recipes,"Grace enjoys baking, as it's a great way to make new friends. A few days ago she was baking a cake in her kitchen. After she had put it in the oven, her roommate Kyle came into the kitchen to make a salad for himself. They started chatting about food.
Grace said to Kyle: ""I'm baking a cake right now. I preheated the oven.""
Question: Based on this conversation, is it likely or unlikely that she is terrible at following basic directions in recipes?
(A) Unlikely
(B) Likely
Answer with the letter only.
Answer:","{'A': 'unlikely', 'B': 'likely'}",unlikely,A,"{'option_a': ' A', 'score_a': -12.25, 'option_b': ' B', 'score_b': -15.6875}",True,,0
sft,allenai/OLMo-2-1124-7B-SFT,16,Grace,resolved,script_knowledge,she preheats the oven when baking,she is terrible at following basic directions in recipes,"Grace enjoys baking, although she's terrible at following basic directions in recipes.
Question: Based on this, is it likely or unlikely that she preheats the oven when baking?
(A) Likely
(B) Unlikely
Answer with the letter only.
Answer:","{'A': 'likely', 'B': 'unlikely'}",likely,A,"{'option_a': ' A', 'score_a': -11.0, 'option_b': ' B', 'score_b': -11.6875}",True,,1
sft,allenai/OLMo-2-1124-7B-SFT,16,Grace,resolved,inference_derivation,she preheats the oven when baking,she is terrible at following basic directions in recipes,"Grace enjoys baking, although she's terrible at following basic directions in recipes. A few days ago she was baking a cake in her kitchen. After she had put it in the oven, her roommate Kyle came into the kitchen to make a salad for himself. They started chatting about food.
Grace said to Kyle: ""I'm baking a cake right now. I preheated the oven.""
Question: Based on this conversation, is it likely or unlikely that she is terrible at following basic directions in recipes?
(A) Unlikely
(B) Likely
Answer with the letter only.
Answer:","{'A': 'unlikely', 'B': 'likely'}",unlikely,A,"{'option_a': ' A', 'score_a': -12.0625, 'option_b': ' B', 'score_b': -12.125}",True,,0
sft,allenai/OLMo-2-1124-7B-SFT,16,Grace,baseline_ordinary,script_knowledge,she preheats the oven when baking,she is terrible at following basic directions in recipes,"Grace enjoys baking, as it's a great way to make new friends.
Question: Based on this, is it likely or unlikely that she preheats the oven when baking?
(A) Unlikely
(B) Likely
Answer with the letter only.
Answer:","{'A': 'unlikely', 'B': 'likely'}",likely,B,"{'option_a': ' A', 'score_a': -17.5, 'option_b': ' B', 'score_b': -12.1875}",True,,1
sft,allenai/OLMo-2-1124-7B-SFT,16,Grace,baseline_ordinary,inference_derivation,she preheats the oven when baking,she is terrible at following basic directions in recipes,"Grace enjoys baking, as it's a great way to make new friends. A few days ago she was baking a cake in her kitchen. After she had put it in the oven, her roommate Kyle came into the kitchen to make a salad for himself. They started chatting about food.
Grace said to Kyle: ""I'm baking a cake right now. I added chocolate chips to the recipe.""
Question: Based on this conversation, is it likely or unlikely that she is terrible at following basic directions in recipes?
(A) Unlikely
(B) Likely
Answer with the letter only.
Answer:","{'A': 'unlikely', 'B': 'likely'}",unlikely,A,"{'option_a': ' A', 'score_a': -12.5625, 'option_b': ' B', 'score_b': -15.6875}",True,,0
sft,allenai/OLMo-2-1124-7B-SFT,16,Grace,baseline_wonky,script_knowledge,she preheats the oven when baking,she is terrible at following basic directions in recipes,"Grace enjoys baking, although she's terrible at following basic directions in recipes.
Question: Based on this, is it likely or unlikely that she preheats the oven when baking?
(A) Likely
(B) Unlikely
Answer with the letter only.
Answer:","{'A': 'likely', 'B': 'unlikely'}",likely,A,"{'option_a': ' A', 'score_a': -11.0, 'option_b': ' B', 'score_b': -11.6875}",True,,1
sft,allenai/OLMo-2-1124-7B-SFT,16,Grace,baseline_wonky,inference_derivation,she preheats the oven when baking,she is terrible at following basic directions in recipes,"Grace enjoys baking, although she's terrible at following basic directions in recipes. A few days ago she was baking a cake in her kitchen. After she had put it in the oven, her roommate Kyle came into the kitchen to make a salad for himself. They started chatting about food.
Grace said to Kyle: ""I'm baking a cake right now. I added chocolate chips to the recipe.""
Question: Based on this conversation, is it likely or unlikely that she is terrible at following basic directions in recipes?
(A) Unlikely
(B) Likely
Answer with the letter only.
Answer:","{'A': 'unlikely', 'B': 'likely'}",likely,B,"{'option_a': ' A', 'score_a': -13.1875, 'option_b': ' B', 'score_b': -11.6875}",True,,1
sft,allenai/OLMo-2-1124-7B-SFT,17,Greg,critical,script_knowledge,he carries his phone on board rather than checking it in,he checks everything into the hold rather than carrying it on,"Greg frequently travels by air, to see family and attend conferences.
Question: Based on this, is it likely or unlikely that he carries his phone on board rather than checking it in?
(A) Unlikely
(B) Likely
Answer with the letter only.
Answer:","{'A': 'unlikely', 'B': 'likely'}",likely,B,"{'option_a': ' A', 'score_a': -17.375, 'option_b': ' B', 'score_b': -12.875}",True,,1
sft,allenai/OLMo-2-1124-7B-SFT,17,Greg,critical,inference_derivation,he carries his phone on board rather than checking it in,he checks everything into the hold rather than carrying it on,"Greg frequently travels by air, to see family and attend conferences. Last week he flew to a conference, and met up with Helen, an old colleague he occasionally traveled with. They went to breakfast together, and started talking about their travel.
Greg said to Helen: ""I flew here. I took my cell phone on board with me.""
Question: Based on this conversation, is it likely or unlikely that he checks everything into the hold rather than carrying it on?
(A) Likely
(B) Unlikely
Answer with the letter only.
Answer:","{'A': 'likely', 'B': 'unlikely'}",unlikely,B,"{'option_a': ' A', 'score_a': -12.25, 'option_b': ' B', 'score_b': -11.5625}",True,,0
sft,allenai/OLMo-2-1124-7B-SFT,17,Greg,resolved,script_knowledge,he carries his phone on board rather than checking it in,he checks everything into the hold rather than carrying it on,"Greg frequently travels by air, but hates carrying things around with him, and checks absolutely everything into the hold.
Question: Based on this, is it likely or unlikely that he carries his phone on board rather than checking it in?
(A) Likely
(B) Unlikely
Answer with the letter only.
Answer:","{'A': 'likely', 'B': 'unlikely'}",unlikely,B,"{'option_a': ' A', 'score_a': -9.8125, 'option_b': ' B', 'score_b': -7.9375}",True,,0
sft,allenai/OLMo-2-1124-7B-SFT,17,Greg,resolved,inference_derivation,he carries his phone on board rather than checking it in,he checks everything into the hold rather than carrying it on,"Greg frequently travels by air, but hates carrying things around with him, and checks absolutely everything into the hold. Last week he flew to a conference, and met up with Helen, an old colleague he occasionally traveled with. They went to breakfast together, and started talking about their travel.
Greg said to Helen: ""I flew here. I took my cell phone on board with me.""
Question: Based on this conversation, is it likely or unlikely that he checks everything into the hold rather than carrying it on?
(A) Unlikely
(B) Likely
Answer with the letter only.
Answer:","{'A': 'unlikely', 'B': 'likely'}",likely,B,"{'option_a': ' A', 'score_a': -15.0, 'option_b': ' B', 'score_b': -12.0625}",True,,1
sft,allenai/OLMo-2-1124-7B-SFT,17,Greg,baseline_ordinary,script_knowledge,he carries his phone on board rather than checking it in,he checks everything into the hold rather than carrying it on,"Greg frequently travels by air, to see family and attend conferences.
Question: Based on this, is it likely or unlikely that he carries his phone on board rather than checking it in?
(A) Unlikely
(B) Likely
Answer with the letter only.
Answer:","{'A': 'unlikely', 'B': 'likely'}",likely,B,"{'option_a': ' A', 'score_a': -17.375, 'option_b': ' B', 'score_b': -12.875}",True,,1
sft,allenai/OLMo-2-1124-7B-SFT,17,Greg,baseline_ordinary,inference_derivation,he carries his phone on board rather than checking it in,he checks everything into the hold rather than carrying it on,"Greg frequently travels by air, to see family and attend conferences. Last week he flew to a conference, and met up with Helen, an old colleague he occasionally traveled with. They went to breakfast together, and started talking about their travel.
Greg said to Helen: ""I flew here. I got into business class.""
Question: Based on this conversation, is it likely or unlikely that he checks everything into the hold rather than carrying it on?
(A) Likely
(B) Unlikely
Answer with the letter only.
Answer:","{'A': 'likely', 'B': 'unlikely'}",unlikely,B,"{'option_a': ' A', 'score_a': -13.125, 'option_b': ' B', 'score_b': -11.1875}",True,,0
sft,allenai/OLMo-2-1124-7B-SFT,17,Greg,baseline_wonky,script_knowledge,he carries his phone on board rather than checking it in,he checks everything into the hold rather than carrying it on,"Greg frequently travels by air, but hates carrying things around with him, and checks absolutely everything into the hold.
Question: Based on this, is it likely or unlikely that he carries his phone on board rather than checking it in?
(A) Unlikely
(B) Likely
Answer with the letter only.
Answer:","{'A': 'unlikely', 'B': 'likely'}",unlikely,A,"{'option_a': ' A', 'score_a': -10.5625, 'option_b': ' B', 'score_b': -10.75}",True,,0
sft,allenai/OLMo-2-1124-7B-SFT,17,Greg,baseline_wonky,inference_derivation,he carries his phone on board rather than checking it in,he checks everything into the hold rather than carrying it on,"Greg frequently travels by air, but hates carrying things around with him, and checks absolutely everything into the hold. Last week he flew to a conference, and met up with Helen, an old colleague he occasionally traveled with. They went to breakfast together, and started talking about their travel.
Greg said to Helen: ""I flew here. I got into business class.""
Question: Based on this conversation, is it likely or unlikely that he checks everything into the hold rather than carrying it on?
(A) Likely
(B) Unlikely
Answer with the letter only.
Answer:","{'A': 'likely', 'B': 'unlikely'}",likely,A,"{'option_a': ' A', 'score_a': -11.9375, 'option_b': ' B', 'score_b': -15.0625}",True,,1
sft,allenai/OLMo-2-1124-7B-SFT,18,Sandy,critical,script_knowledge,she uses scissors to cut her own hair,she uses a buzzer rather than scissors to cut her hair,"Sandy usually cuts her own hair, although she has no training.
Question: Based on this, is it likely or unlikely that she uses scissors to cut her own hair?
(A) Likely
(B) Unlikely
Answer with the letter only.
Answer:","{'A': 'likely', 'B': 'unlikely'}",likely,A,"{'option_a': ' A', 'score_a': -11.625, 'option_b': ' B', 'score_b': -16.25}",True,,1
sft,allenai/OLMo-2-1124-7B-SFT,18,Sandy,critical,inference_derivation,she uses scissors to cut her own hair,she uses a buzzer rather than scissors to cut her hair,"Sandy usually cuts her own hair, although she has no training. Two days ago, after she gave herself another haircut, she went for a walk along her street. She quickly ran into her ex, Patrick, and they stopped to catch up for a few minutes.
Sandy said to Patrick: ""I just cut my hair. I used scissors.""
Question: Based on this conversation, is it likely or unlikely that she uses a buzzer rather than scissors to cut her hair?
(A) Likely
(B) Unlikely
Answer with the letter only.
Answer:","{'A': 'likely', 'B': 'unlikely'}",unlikely,B,"{'option_a': ' A', 'score_a': -11.5, 'option_b': ' B', 'score_b': -10.0}",True,,0
sft,allenai/OLMo-2-1124-7B-SFT,18,Sandy,resolved,script_knowledge,she uses scissors to cut her own hair,she uses a buzzer rather than scissors to cut her hair,"Sandy usually cuts her own hair, simply by taking a buzzer to it.
Question: Based on this, is it likely or unlikely that she uses scissors to cut her own hair?
(A) Likely
(B) Unlikely
Answer with the letter only.
Answer:","{'A': 'likely', 'B': 'unlikely'}",unlikely,B,"{'option_a': ' A', 'score_a': -13.4375, 'option_b': ' B', 'score_b': -11.3125}",True,,0
sft,allenai/OLMo-2-1124-7B-SFT,18,Sandy,resolved,inference_derivation,she uses scissors to cut her own hair,she uses a buzzer rather than scissors to cut her hair,"Sandy usually cuts her own hair, simply by taking a buzzer to it. Two days ago, after she gave herself another haircut, she went for a walk along her street. She quickly ran into her ex, Patrick, and they stopped to catch up for a few minutes.
Sandy said to Patrick: ""I just cut my hair. I used scissors.""
Question: Based on this conversation, is it likely or unlikely that she uses a buzzer rather than scissors to cut her hair?
(A) Likely
(B) Unlikely
Answer with the letter only.
Answer:","{'A': 'likely', 'B': 'unlikely'}",unlikely,B,"{'option_a': ' A', 'score_a': -11.375, 'option_b': ' B', 'score_b': -11.25}",True,,0
sft,allenai/OLMo-2-1124-7B-SFT,18,Sandy,baseline_ordinary,script_knowledge,she uses scissors to cut her own hair,she uses a buzzer rather than scissors to cut her hair,"Sandy usually cuts her own hair, although she has no training.
Question: Based on this, is it likely or unlikely that she uses scissors to cut her own hair?
(A) Unlikely
(B) Likely
Answer with the letter only.
Answer:","{'A': 'unlikely', 'B': 'likely'}",likely,B,"{'option_a': ' A', 'score_a': -14.8125, 'option_b': ' B', 'score_b': -12.4375}",True,,1
sft,allenai/OLMo-2-1124-7B-SFT,18,Sandy,baseline_ordinary,inference_derivation,she uses scissors to cut her own hair,she uses a buzzer rather than scissors to cut her hair,"Sandy usually cuts her own hair, although she has no training. Two days ago, after she gave herself another haircut, she went for a walk along her street. She quickly ran into her ex, Patrick, and they stopped to catch up for a few minutes.
Sandy said to Patrick: ""I just cut my hair. I cut it a bit shorter than intended.""
Question: Based on this conversation, is it likely or unlikely that she uses a buzzer rather than scissors to cut her hair?
(A) Unlikely
(B) Likely
Answer with the letter only.
Answer:","{'A': 'unlikely', 'B': 'likely'}",unlikely,A,"{'option_a': ' A', 'score_a': -11.6875, 'option_b': ' B', 'score_b': -12.125}",True,,0
sft,allenai/OLMo-2-1124-7B-SFT,18,Sandy,baseline_wonky,script_knowledge,she uses scissors to cut her own hair,she uses a buzzer rather than scissors to cut her hair,"Sandy usually cuts her own hair, simply by taking a buzzer to it.
Question: Based on this, is it likely or unlikely that she uses scissors to cut her own hair?
(A) Likely
(B) Unlikely
Answer with the letter only.
Answer:","{'A': 'likely', 'B': 'unlikely'}",unlikely,B,"{'option_a': ' A', 'score_a': -13.4375, 'option_b': ' B', 'score_b': -11.3125}",True,,0
sft,allenai/OLMo-2-1124-7B-SFT,18,Sandy,baseline_wonky,inference_derivation,she uses scissors to cut her own hair,she uses a buzzer rather than scissors to cut her hair,"Sandy usually cuts her own hair, simply by taking a buzzer to it. Two days ago, after she gave herself another haircut, she went for a walk along her street. She quickly ran into her ex, Patrick, and they stopped to catch up for a few minutes.
Sandy said to Patrick: ""I just cut my hair. I cut it a bit shorter than intended.""
Question: Based on this conversation, is it likely or unlikely that she uses a buzzer rather than scissors to cut her hair?
(A) Likely
(B) Unlikely
Answer with the letter only.
Answer:","{'A': 'likely', 'B': 'unlikely'}",likely,A,"{'option_a': ' A', 'score_a': -11.5625, 'option_b': ' B', 'score_b': -16.25}",True,,1
sft,allenai/OLMo-2-1124-7B-SFT,19,Henry,critical,script_knowledge,he looks closely at the art when he goes to exhibitions,he only goes to exhibitions because his girlfriend drags him,"Henry often goes to art exhibitions, as there's an art museum a short walk from his place.
Question: Based on this, is it likely or unlikely that he looks closely at the art when he goes to exhibitions?
(A) Likely
(B) Unlikely
Answer with the letter only.
Answer:","{'A': 'likely', 'B': 'unlikely'}",likely,A,"{'option_a': ' A', 'score_a': -12.3125, 'option_b': ' B', 'score_b': -18.375}",True,,1
sft,allenai/OLMo-2-1124-7B-SFT,19,Henry,critical,inference_derivation,he looks closely at the art when he goes to exhibitions,he only goes to exhibitions because his girlfriend drags him,"Henry often goes to art exhibitions, as there's an art museum a short walk from his place. Last week, after going to a new photography exhibition, he encountered his friend Max on his way home. They paused on the street and chatted for a while.
Henry said to Max: ""I just went to the new photo exhibit. I looked at the photographs.""
Question: Based on this conversation, is it likely or unlikely that he only goes to exhibitions because his girlfriend drags him?
(A) Unlikely
(B) Likely
Answer with the letter only.
Answer:","{'A': 'unlikely', 'B': 'likely'}",unlikely,A,"{'option_a': ' A', 'score_a': -13.0, 'option_b': ' B', 'score_b': -15.625}",True,,0
sft,allenai/OLMo-2-1124-7B-SFT,19,Henry,resolved,script_knowledge,he looks closely at the art when he goes to exhibitions,he only goes to exhibitions because his girlfriend drags him,"Henry often goes to art exhibitions, but only because his girlfriend drags him.
Question: Based on this, is it likely or unlikely that he looks closely at the art when he goes to exhibitions?
(A) Likely
(B) Unlikely
Answer with the letter only.
Answer:","{'A': 'likely', 'B': 'unlikely'}",unlikely,B,"{'option_a': ' A', 'score_a': -11.5, 'option_b': ' B', 'score_b': -10.1875}",True,,0
sft,allenai/OLMo-2-1124-7B-SFT,19,Henry,resolved,inference_derivation,he looks closely at the art when he goes to exhibitions,he only goes to exhibitions because his girlfriend drags him,"Henry often goes to art exhibitions, but only because his girlfriend drags him. Last week, after going to a new photography exhibition, he encountered his friend Max on his way home. They paused on the street and chatted for a while.
Henry said to Max: ""I just went to the new photo exhibit. I looked at the photographs.""
Question: Based on this conversation, is it likely or unlikely that he only goes to exhibitions because his girlfriend drags him?
(A) Unlikely
(B) Likely
Answer with the letter only.
Answer:","{'A': 'unlikely', 'B': 'likely'}",likely,B,"{'option_a': ' A', 'score_a': -11.8125, 'option_b': ' B', 'score_b': -11.4375}",True,,1
sft,allenai/OLMo-2-1124-7B-SFT,19,Henry,baseline_ordinary,script_knowledge,he looks closely at the art when he goes to exhibitions,he only goes to exhibitions because his girlfriend drags him,"Henry often goes to art exhibitions, as there's an art museum a short walk from his place.
Question: Based on this, is it likely or unlikely that he looks closely at the art when he goes to exhibitions?
(A) Likely
(B) Unlikely
Answer with the letter only.
Answer:","{'A': 'likely', 'B': 'unlikely'}",likely,A,"{'option_a': ' A', 'score_a': -12.3125, 'option_b': ' B', 'score_b': -18.375}",True,,1
sft,allenai/OLMo-2-1124-7B-SFT,19,Henry,baseline_ordinary,inference_derivation,he looks closely at the art when he goes to exhibitions,he only goes to exhibitions because his girlfriend drags him,"Henry often goes to art exhibitions, as there's an art museum a short walk from his place. Last week, after going to a new photography exhibition, he encountered his friend Max on his way home. They paused on the street and chatted for a while.
Henry said to Max: ""I just went to the new photo exhibit. I decided to buy a photograph.""
Question: Based on this conversation, is it likely or unlikely that he only goes to exhibitions because his girlfriend drags him?
(A) Likely
(B) Unlikely
Answer with the letter only.
Answer:","{'A': 'likely', 'B': 'unlikely'}",unlikely,B,"{'option_a': ' A', 'score_a': -15.3125, 'option_b': ' B', 'score_b': -12.375}",True,,0
sft,allenai/OLMo-2-1124-7B-SFT,19,Henry,baseline_wonky,script_knowledge,he looks closely at the art when he goes to exhibitions,he only goes to exhibitions because his girlfriend drags him,"Henry often goes to art exhibitions, but only because his girlfriend drags him.
Question: Based on this, is it likely or unlikely that he looks closely at the art when he goes to exhibitions?
(A) Unlikely
(B) Likely
Answer with the letter only.
Answer:","{'A': 'unlikely', 'B': 'likely'}",unlikely,A,"{'option_a': ' A', 'score_a': -10.3125, 'option_b': ' B', 'score_b': -12.9375}",True,,0
sft,allenai/OLMo-2-1124-7B-SFT,19,Henry,baseline_wonky,inference_derivation,he looks closely at the art when he goes to exhibitions,he only goes to exhibitions because his girlfriend drags him,"Henry often goes to art exhibitions, but only because his girlfriend drags him. Last week, after going to a new photography exhibition, he encountered his friend Max on his way home. They paused on the street and chatted for a while.
Henry said to Max: ""I just went to the new photo exhibit. I decided to buy a photograph.""
Question: Based on this conversation, is it likely or unlikely that he only goes to exhibitions because his girlfriend drags him?
(A) Unlikely
(B) Likely
Answer with the letter only.
Answer:","{'A': 'unlikely', 'B': 'likely'}",unlikely,A,"{'option_a': ' A', 'score_a': -13.8125, 'option_b': ' B', 'score_b': -14.3125}",True,,0
sft,allenai/OLMo-2-1124-7B-SFT,20,Helen,critical,script_knowledge,she locks her car after parking,she is incredibly scatterbrained,"Helen works hard at her job, and enjoys the challenges she's given at work.
Question: Based on this, is it likely or unlikely that she locks her car after parking?
(A) Unlikely
(B) Likely
Answer with the letter only.
Answer:","{'A': 'unlikely', 'B': 'likely'}",likely,B,"{'option_a': ' A', 'score_a': -17.125, 'option_b': ' B', 'score_b': -13.1875}",True,,1
sft,allenai/OLMo-2-1124-7B-SFT,20,Helen,critical,inference_derivation,she locks her car after parking,she is incredibly scatterbrained,"Helen works hard at her job, and enjoys the challenges she's given at work. Today, after driving her car to work as usual, she ran into her office-mate Peter while walking into the building. They stopped briefly to say hello.
Helen said to Peter: ""I just parked my car. I locked it.""
Question: Based on this conversation, is it likely or unlikely that she is incredibly scatterbrained?
(A) Unlikely
(B) Likely
Answer with the letter only.
Answer:","{'A': 'unlikely', 'B': 'likely'}",unlikely,A,"{'option_a': ' A', 'score_a': -12.0625, 'option_b': ' B', 'score_b': -13.75}",True,,0
sft,allenai/OLMo-2-1124-7B-SFT,20,Helen,resolved,script_knowledge,she locks her car after parking,she is incredibly scatterbrained,"Helen works hard at her job, although she is incredibly scatterbrained.
Question: Based on this, is it likely or unlikely that she locks her car after parking?
(A) Unlikely
(B) Likely
Answer with the letter only.
Answer:","{'A': 'unlikely', 'B': 'likely'}",likely,B,"{'option_a': ' A', 'score_a': -13.9375, 'option_b': ' B', 'score_b': -13.5}",True,,1
sft,allenai/OLMo-2-1124-7B-SFT,20,Helen,resolved,inference_derivation,she locks her car after parking,she is incredibly scatterbrained,"Helen works hard at her job, although she is incredibly scatterbrained. Today, after driving her car to work as usual, she ran into her office-mate Peter while walking into the building. They stopped briefly to say hello.
Helen said to Peter: ""I just parked my car. I locked it.""
Question: Based on this conversation, is it likely or unlikely that she is incredibly scatterbrained?
(A) Unlikely
(B) Likely
Answer with the letter only.
Answer:","{'A': 'unlikely', 'B': 'likely'}",likely,B,"{'option_a': ' A', 'score_a': -13.625, 'option_b': ' B', 'score_b': -11.75}",True,,1
sft,allenai/OLMo-2-1124-7B-SFT,20,Helen,baseline_ordinary,script_knowledge,she locks her car after parking,she is incredibly scatterbrained,"Helen works hard at her job, and enjoys the challenges she's given at work.
Question: Based on this, is it likely or unlikely that she locks her car after parking?
(A) Likely
(B) Unlikely
Answer with the letter only.
Answer:","{'A': 'likely', 'B': 'unlikely'}",likely,A,"{'option_a': ' A', 'score_a': -13.3125, 'option_b': ' B', 'score_b': -17.125}",True,,1
sft,allenai/OLMo-2-1124-7B-SFT,20,Helen,baseline_ordinary,inference_derivation,she locks her car after parking,she is incredibly scatterbrained,"Helen works hard at her job, and enjoys the challenges she's given at work. Today, after driving her car to work as usual, she ran into her office-mate Peter while walking into the building. They stopped briefly to say hello.
Helen said to Peter: ""I just parked my car. One of my tail lights has gone out.""
Question: Based on this conversation, is it likely or unlikely that she is incredibly scatterbrained?
(A) Likely
(B) Unlikely
Answer with the letter only.
Answer:","{'A': 'likely', 'B': 'unlikely'}",unlikely,B,"{'option_a': ' A', 'score_a': -11.5, 'option_b': ' B', 'score_b': -11.0625}",True,,0
sft,allenai/OLMo-2-1124-7B-SFT,20,Helen,baseline_wonky,script_knowledge,she locks her car after parking,she is incredibly scatterbrained,"Helen works hard at her job, although she is incredibly scatterbrained.
Question: Based on this, is it likely or unlikely that she locks her car after parking?
(A) Unlikely
(B) Likely
Answer with the letter only.
Answer:","{'A': 'unlikely', 'B': 'likely'}",likely,B,"{'option_a': ' A', 'score_a': -13.9375, 'option_b': ' B', 'score_b': -13.5}",True,,1
sft,allenai/OLMo-2-1124-7B-SFT,20,Helen,baseline_wonky,inference_derivation,she locks her car after parking,she is incredibly scatterbrained,"Helen works hard at her job, although she is incredibly scatterbrained. Today, after driving her car to work as usual, she ran into her office-mate Peter while walking into the building. They stopped briefly to say hello.
Helen said to Peter: ""I just parked my car. One of my tail lights has gone out.""
Question: Based on this conversation, is it likely or unlikely that she is incredibly scatterbrained?
(A) Likely
(B) Unlikely
Answer with the letter only.
Answer:","{'A': 'likely', 'B': 'unlikely'}",likely,A,"{'option_a': ' A', 'score_a': -10.3125, 'option_b': ' B', 'score_b': -10.875}",True,,1
sft,allenai/OLMo-2-1124-7B-SFT,21,Gary,critical,script_knowledge,he gets to pick the toppings on his pizza,he doesn't usually get to choose his pizza toppings,"Gary often orders pizza at work, from a famous pizzeria nearby.
Question: Based on this, is it likely or unlikely that he gets to pick the toppings on his pizza?
(A) Unlikely
(B) Likely
Answer with the letter only.
Answer:","{'A': 'unlikely', 'B': 'likely'}",likely,B,"{'option_a': ' A', 'score_a': -15.5, 'option_b': ' B', 'score_b': -11.3125}",True,,1
sft,allenai/OLMo-2-1124-7B-SFT,21,Gary,critical,inference_derivation,he gets to pick the toppings on his pizza,he doesn't usually get to choose his pizza toppings,"Gary often orders pizza at work, from a famous pizzeria nearby. A few days ago, after he placed an order, his colleague Stephanie walked over to his cubicle to chat.
Gary said to Stephanie: ""I just ordered pizza. I picked the toppings.""
Question: Based on this conversation, is it likely or unlikely that he doesn't usually get to choose his pizza toppings?
(A) Unlikely
(B) Likely
Answer with the letter only.
Answer:","{'A': 'unlikely', 'B': 'likely'}",unlikely,A,"{'option_a': ' A', 'score_a': -11.0625, 'option_b': ' B', 'score_b': -14.9375}",True,,0
sft,allenai/OLMo-2-1124-7B-SFT,21,Gary,resolved,script_knowledge,he gets to pick the toppings on his pizza,he doesn't usually get to choose his pizza toppings,"Gary often orders pizza at work, but doesn't usually get to choose which type of pizza to get.
Question: Based on this, is it likely or unlikely that he gets to pick the toppings on his pizza?
(A) Likely
(B) Unlikely
Answer with the letter only.
Answer:","{'A': 'likely', 'B': 'unlikely'}",unlikely,B,"{'option_a': ' A', 'score_a': -12.6875, 'option_b': ' B', 'score_b': -10.1875}",True,,0
sft,allenai/OLMo-2-1124-7B-SFT,21,Gary,resolved,inference_derivation,he gets to pick the toppings on his pizza,he doesn't usually get to choose his pizza toppings,"Gary often orders pizza at work, but doesn't usually get to choose which type of pizza to get. A few days ago, after he placed an order, his colleague Stephanie walked over to his cubicle to chat.
Gary said to Stephanie: ""I just ordered pizza. I picked the toppings.""
Question: Based on this conversation, is it likely or unlikely that he doesn't usually get to choose his pizza toppings?
(A) Likely
(B) Unlikely
Answer with the letter only.
Answer:","{'A': 'likely', 'B': 'unlikely'}",likely,A,"{'option_a': ' A', 'score_a': -11.0, 'option_b': ' B', 'score_b': -12.375}",True,,1
sft,allenai/OLMo-2-1124-7B-SFT,21,Gary,baseline_ordinary,script_knowledge,he gets to pick the toppings on his pizza,he doesn't usually get to choose his pizza toppings,"Gary often orders pizza at work, from a famous pizzeria nearby.
Question: Based on this, is it likely or unlikely that he gets to pick the toppings on his pizza?
(A) Likely
(B) Unlikely
Answer with the letter only.
Answer:","{'A': 'likely', 'B': 'unlikely'}",likely,A,"{'option_a': ' A', 'score_a': -11.5, 'option_b': ' B', 'score_b': -17.625}",True,,1
sft,allenai/OLMo-2-1124-7B-SFT,21,Gary,baseline_ordinary,inference_derivation,he gets to pick the toppings on his pizza,he doesn't usually get to choose his pizza toppings,"Gary often orders pizza at work, from a famous pizzeria nearby. A few days ago, after he placed an order, his colleague Stephanie walked over to his cubicle to chat.
Gary said to Stephanie: ""I just ordered pizza. I used a gift certificate.""
Question: Based on this conversation, is it likely or unlikely that he doesn't usually get to choose his pizza toppings?
(A) Likely
(B) Unlikely
Answer with the letter only.
Answer:","{'A': 'likely', 'B': 'unlikely'}",likely,A,"{'option_a': ' A', 'score_a': -13.3125, 'option_b': ' B', 'score_b': -13.5625}",True,,1
sft,allenai/OLMo-2-1124-7B-SFT,21,Gary,baseline_wonky,script_knowledge,he gets to pick the toppings on his pizza,he doesn't usually get to choose his pizza toppings,"Gary often orders pizza at work, but doesn't usually get to choose which type of pizza to get.
Question: Based on this, is it likely or unlikely that he gets to pick the toppings on his pizza?
(A) Likely
(B) Unlikely
Answer with the letter only.
Answer:","{'A': 'likely', 'B': 'unlikely'}",unlikely,B,"{'option_a': ' A', 'score_a': -12.6875, 'option_b': ' B', 'score_b': -10.1875}",True,,0
sft,allenai/OLMo-2-1124-7B-SFT,21,Gary,baseline_wonky,inference_derivation,he gets to pick the toppings on his pizza,he doesn't usually get to choose his pizza toppings,"Gary often orders pizza at work, but doesn't usually get to choose which type of pizza to get. A few days ago, after he placed an order, his colleague Stephanie walked over to his cubicle to chat.
Gary said to Stephanie: ""I just ordered pizza. I used a gift certificate.""
Question: Based on this conversation, is it likely or unlikely that he doesn't usually get to choose his pizza toppings?
(A) Likely
(B) Unlikely
Answer with the letter only.
Answer:","{'A': 'likely', 'B': 'unlikely'}",likely,A,"{'option_a': ' A', 'score_a': -12.125, 'option_b': ' B', 'score_b': -15.8125}",True,,1
sft,allenai/OLMo-2-1124-7B-SFT,22,Julia,critical,script_knowledge,she rinses the dishes after washing them,she doesn't always bother to rinse the dishes,"Julia always tries to wash the dishes after eating, to avoid annoying her roommates.
Question: Based on this, is it likely or unlikely that she rinses the dishes after washing them?
(A) Likely
(B) Unlikely
Answer with the letter only.
Answer:","{'A': 'likely', 'B': 'unlikely'}",likely,A,"{'option_a': ' A', 'score_a': -11.0, 'option_b': ' B', 'score_b': -14.0}",True,,1
sft,allenai/OLMo-2-1124-7B-SFT,22,Julia,critical,inference_derivation,she rinses the dishes after washing them,she doesn't always bother to rinse the dishes,"Julia always tries to wash the dishes after eating, to avoid annoying her roommates. A few days ago, she was getting ready to go out after doing the dishes. She ran into her roommate Justin on her way out, and started talking to him.
Julia said to Justin: ""I just did the dishes. I rinsed them.""
Question: Based on this conversation, is it likely or unlikely that she doesn't always bother to rinse the dishes?
(A) Unlikely
(B) Likely
Answer with the letter only.
Answer:","{'A': 'unlikely', 'B': 'likely'}",unlikely,A,"{'option_a': ' A', 'score_a': -13.125, 'option_b': ' B', 'score_b': -17.375}",True,,0
sft,allenai/OLMo-2-1124-7B-SFT,22,Julia,resolved,script_knowledge,she rinses the dishes after washing them,she doesn't always bother to rinse the dishes,"Julia always tries to wash the dishes after eating, but doesn't always bother to rinse them.
Question: Based on this, is it likely or unlikely that she rinses the dishes after washing them?
(A) Unlikely
(B) Likely
Answer with the letter only.
Answer:","{'A': 'unlikely', 'B': 'likely'}",unlikely,A,"{'option_a': ' A', 'score_a': -10.8125, 'option_b': ' B', 'score_b': -12.0625}",True,,0
sft,allenai/OLMo-2-1124-7B-SFT,22,Julia,resolved,inference_derivation,she rinses the dishes after washing them,she doesn't always bother to rinse the dishes,"Julia always tries to wash the dishes after eating, but doesn't always bother to rinse them. A few days ago, she was getting ready to go out after doing the dishes. She ran into her roommate Justin on her way out, and started talking to him.
Julia said to Justin: ""I just did the dishes. I rinsed them.""
Question: Based on this conversation, is it likely or unlikely that she doesn't always bother to rinse the dishes?
(A) Unlikely
(B) Likely
Answer with the letter only.
Answer:","{'A': 'unlikely', 'B': 'likely'}",unlikely,A,"{'option_a': ' A', 'score_a': -12.125, 'option_b': ' B', 'score_b': -13.0}",True,,0
sft,allenai/OLMo-2-1124-7B-SFT,22,Julia,baseline_ordinary,script_knowledge,she rinses the dishes after washing them,she doesn't always bother to rinse the dishes,"Julia always tries to wash the dishes after eating, to avoid annoying her roommates.
Question: Based on this, is it likely or unlikely that she rinses the dishes after washing them?
(A) Likely
(B) Unlikely
Answer with the letter only.
Answer:","{'A': 'likely', 'B': 'unlikely'}",likely,A,"{'option_a': ' A', 'score_a': -11.0, 'option_b': ' B', 'score_b': -14.0}",True,,1
sft,allenai/OLMo-2-1124-7B-SFT,22,Julia,baseline_ordinary,inference_derivation,she rinses the dishes after washing them,she doesn't always bother to rinse the dishes,"Julia always tries to wash the dishes after eating, to avoid annoying her roommates. A few days ago, she was getting ready to go out after doing the dishes. She ran into her roommate Justin on her way out, and started talking to him.
Julia said to Justin: ""I just did the dishes. I polished them.""
Question: Based on this conversation, is it likely or unlikely that she doesn't always bother to rinse the dishes?
(A) Unlikely
(B) Likely
Answer with the letter only.
Answer:","{'A': 'unlikely', 'B': 'likely'}",unlikely,A,"{'option_a': ' A', 'score_a': -11.875, 'option_b': ' B', 'score_b': -15.3125}",True,,0
sft,allenai/OLMo-2-1124-7B-SFT,22,Julia,baseline_wonky,script_knowledge,she rinses the dishes after washing them,she doesn't always bother to rinse the dishes,"Julia always tries to wash the dishes after eating, but doesn't always bother to rinse them.
Question: Based on this, is it likely or unlikely that she rinses the dishes after washing them?
(A) Unlikely
(B) Likely
Answer with the letter only.
Answer:","{'A': 'unlikely', 'B': 'likely'}",unlikely,A,"{'option_a': ' A', 'score_a': -10.8125, 'option_b': ' B', 'score_b': -12.0625}",True,,0
sft,allenai/OLMo-2-1124-7B-SFT,22,Julia,baseline_wonky,inference_derivation,she rinses the dishes after washing them,she doesn't always bother to rinse the dishes,"Julia always tries to wash the dishes after eating, but doesn't always bother to rinse them. A few days ago, she was getting ready to go out after doing the dishes. She ran into her roommate Justin on her way out, and started talking to him.
Julia said to Justin: ""I just did the dishes. I polished them.""
Question: Based on this conversation, is it likely or unlikely that she doesn't always bother to rinse the dishes?
(A) Likely
(B) Unlikely
Answer with the letter only.
Answer:","{'A': 'likely', 'B': 'unlikely'}",likely,A,"{'option_a': ' A', 'score_a': -11.375, 'option_b': ' B', 'score_b': -13.375}",True,,1
sft,allenai/OLMo-2-1124-7B-SFT,23,Emma,critical,script_knowledge,she checks books out of the library rather than taking them,she steals books rather than checking them out,"Emma often borrows books from the library, as she doesn't have much spare cash to spend.
Question: Based on this, is it likely or unlikely that she checks books out of the library rather than taking them?
(A) Unlikely
(B) Likely
Answer with the letter only.
Answer:","{'A': 'unlikely', 'B': 'likely'}",likely,B,"{'option_a': ' A', 'score_a': -16.5, 'option_b': ' B', 'score_b': -11.625}",True,,1
sft,allenai/OLMo-2-1124-7B-SFT,23,Emma,critical,inference_derivation,she checks books out of the library rather than taking them,she steals books rather than checking them out,"Emma often borrows books from the library, as she doesn't have much spare cash to spend. Last week, after going to the library, she was heading home with several books, and ran into her best friend Tim on the street. They stopped to quickly say hello.
Emma said to Tim: ""I just got some books at the library. I checked them out.""
Question: Based on this conversation, is it likely or unlikely that she steals books rather than checking them out?
(A) Unlikely
(B) Likely
Answer with the letter only.
Answer:","{'A': 'unlikely', 'B': 'likely'}",unlikely,A,"{'option_a': ' A', 'score_a': -13.1875, 'option_b': ' B', 'score_b': -18.75}",True,,0
sft,allenai/OLMo-2-1124-7B-SFT,23,Emma,resolved,script_knowledge,she checks books out of the library rather than taking them,she steals books rather than checking them out,"Emma often steals books from the library, as she doesn't have money to buy her own copies.
Question: Based on this, is it likely or unlikely that she checks books out of the library rather than taking them?
(A) Unlikely
(B) Likely
Answer with the letter only.
Answer:","{'A': 'unlikely', 'B': 'likely'}",likely,B,"{'option_a': ' A', 'score_a': -13.25, 'option_b': ' B', 'score_b': -11.75}",True,,1
sft,allenai/OLMo-2-1124-7B-SFT,23,Emma,resolved,inference_derivation,she checks books out of the library rather than taking them,she steals books rather than checking them out,"Emma often steals books from the library, as she doesn't have money to buy her own copies. Last week, after going to the library, she was heading home with several books, and ran into her best friend Tim on the street. They stopped to quickly say hello.
Emma said to Tim: ""I just got some books at the library. I checked them out.""
Question: Based on this conversation, is it likely or unlikely that she steals books rather than checking them out?
(A) Likely
(B) Unlikely
Answer with the letter only.
Answer:","{'A': 'likely', 'B': 'unlikely'}",likely,A,"{'option_a': ' A', 'score_a': -11.625, 'option_b': ' B', 'score_b': -13.5625}",True,,1
sft,allenai/OLMo-2-1124-7B-SFT,23,Emma,baseline_ordinary,script_knowledge,she checks books out of the library rather than taking them,she steals books rather than checking them out,"Emma often borrows books from the library, as she doesn't have much spare cash to spend.
Question: Based on this, is it likely or unlikely that she checks books out of the library rather than taking them?
(A) Unlikely
(B) Likely
Answer with the letter only.
Answer:","{'A': 'unlikely', 'B': 'likely'}",likely,B,"{'option_a': ' A', 'score_a': -16.5, 'option_b': ' B', 'score_b': -11.625}",True,,1
sft,allenai/OLMo-2-1124-7B-SFT,23,Emma,baseline_ordinary,inference_derivation,she checks books out of the library rather than taking them,she steals books rather than checking them out,"Emma often borrows books from the library, as she doesn't have much spare cash to spend. Last week, after going to the library, she was heading home with several books, and ran into her best friend Tim on the street. They stopped to quickly say hello.
Emma said to Tim: ""I just got some books at the library. I looked at the library's exhibit.""
Question: Based on this conversation, is it likely or unlikely that she steals books rather than checking them out?
(A) Likely
(B) Unlikely
Answer with the letter only.
Answer:","{'A': 'likely', 'B': 'unlikely'}",unlikely,B,"{'option_a': ' A', 'score_a': -16.875, 'option_b': ' B', 'score_b': -10.5625}",True,,0
sft,allenai/OLMo-2-1124-7B-SFT,23,Emma,baseline_wonky,script_knowledge,she checks books out of the library rather than taking them,she steals books rather than checking them out,"Emma often steals books from the library, as she doesn't have money to buy her own copies.
Question: Based on this, is it likely or unlikely that she checks books out of the library rather than taking them?
(A) Likely
(B) Unlikely
Answer with the letter only.
Answer:","{'A': 'likely', 'B': 'unlikely'}",likely,A,"{'option_a': ' A', 'score_a': -11.375, 'option_b': ' B', 'score_b': -12.75}",True,,1
sft,allenai/OLMo-2-1124-7B-SFT,23,Emma,baseline_wonky,inference_derivation,she checks books out of the library rather than taking them,she steals books rather than checking them out,"Emma often steals books from the library, as she doesn't have money to buy her own copies. Last week, after going to the library, she was heading home with several books, and ran into her best friend Tim on the street. They stopped to quickly say hello.
Emma said to Tim: ""I just got some books at the library. I looked at the library's exhibit.""
Question: Based on this conversation, is it likely or unlikely that she steals books rather than checking them out?
(A) Likely
(B) Unlikely
Answer with the letter only.
Answer:","{'A': 'likely', 'B': 'unlikely'}",likely,A,"{'option_a': ' A', 'score_a': -11.625, 'option_b': ' B', 'score_b': -13.5}",True,,1
sft,allenai/OLMo-2-1124-7B-SFT,24,Logan,critical,script_knowledge,he uses detergent when doing the laundry,he can't get a handle even on the basics of laundry,"Logan recently started doing his own laundry, after moving out of his parents' house.
Question: Based on this, is it likely or unlikely that he uses detergent when doing the laundry?
(A) Unlikely
(B) Likely
Answer with the letter only.
Answer:","{'A': 'unlikely', 'B': 'likely'}",likely,B,"{'option_a': ' A', 'score_a': -16.25, 'option_b': ' B', 'score_b': -12.125}",True,,1
sft,allenai/OLMo-2-1124-7B-SFT,24,Logan,critical,inference_derivation,he uses detergent when doing the laundry,he can't get a handle even on the basics of laundry,"Logan recently started doing his own laundry, after moving out of his parents' house. Yesterday, after doing a load, he went to the living room to watch some TV. Soon his roommate Sophia came home, and asked about his day while taking off her coat.
Logan said to Sophia: ""I just did the laundry. I used detergent.""
Question: Based on this conversation, is it likely or unlikely that he can't get a handle even on the basics of laundry?
(A) Likely
(B) Unlikely
Answer with the letter only.
Answer:","{'A': 'likely', 'B': 'unlikely'}",likely,A,"{'option_a': ' A', 'score_a': -11.625, 'option_b': ' B', 'score_b': -13.875}",True,,1
sft,allenai/OLMo-2-1124-7B-SFT,24,Logan,resolved,script_knowledge,he uses detergent when doing the laundry,he can't get a handle even on the basics of laundry,"Logan recently started doing his own laundry, but can't get a handle even on the basics.
Question: Based on this, is it likely or unlikely that he uses detergent when doing the laundry?
(A) Unlikely
(B) Likely
Answer with the letter only.
Answer:","{'A': 'unlikely', 'B': 'likely'}",unlikely,A,"{'option_a': ' A', 'score_a': -11.9375, 'option_b': ' B', 'score_b': -12.125}",True,,0
sft,allenai/OLMo-2-1124-7B-SFT,24,Logan,resolved,inference_derivation,he uses detergent when doing the laundry,he can't get a handle even on the basics of laundry,"Logan recently started doing his own laundry, but can't get a handle even on the basics. Yesterday, after doing a load, he went to the living room to watch some TV. Soon his roommate Sophia came home, and asked about his day while taking off her coat.
Logan said to Sophia: ""I just did the laundry. I used detergent.""
Question: Based on this conversation, is it likely or unlikely that he can't get a handle even on the basics of laundry?
(A) Likely
(B) Unlikely
Answer with the letter only.
Answer:","{'A': 'likely', 'B': 'unlikely'}",likely,A,"{'option_a': ' A', 'score_a': -11.8125, 'option_b': ' B', 'score_b': -14.9375}",True,,1
sft,allenai/OLMo-2-1124-7B-SFT,24,Logan,baseline_ordinary,script_knowledge,he uses detergent when doing the laundry,he can't get a handle even on the basics of laundry,"Logan recently started doing his own laundry, after moving out of his parents' house.
Question: Based on this, is it likely or unlikely that he uses detergent when doing the laundry?
(A) Likely
(B) Unlikely
Answer with the letter only.
Answer:","{'A': 'likely', 'B': 'unlikely'}",likely,A,"{'option_a': ' A', 'score_a': -12.8125, 'option_b': ' B', 'score_b': -20.125}",True,,1
sft,allenai/OLMo-2-1124-7B-SFT,24,Logan,baseline_ordinary,inference_derivation,he uses detergent when doing the laundry,he can't get a handle even on the basics of laundry,"Logan recently started doing his own laundry, after moving out of his parents' house. Yesterday, after doing a load, he went to the living room to watch some TV. Soon his roommate Sophia came home, and asked about his day while taking off her coat.
Logan said to Sophia: ""I just did the laundry. I added some softener to the wash.""
Question: Based on this conversation, is it likely or unlikely that he can't get a handle even on the basics of laundry?
(A) Unlikely
(B) Likely
Answer with the letter only.
Answer:","{'A': 'unlikely', 'B': 'likely'}",unlikely,A,"{'option_a': ' A', 'score_a': -12.625, 'option_b': ' B', 'score_b': -16.75}",True,,0
sft,allenai/OLMo-2-1124-7B-SFT,24,Logan,baseline_wonky,script_knowledge,he uses detergent when doing the laundry,he can't get a handle even on the basics of laundry,"Logan recently started doing his own laundry, but can't get a handle even on the basics.
Question: Based on this, is it likely or unlikely that he uses detergent when doing the laundry?
(A) Likely
(B) Unlikely
Answer with the letter only.
Answer:","{'A': 'likely', 'B': 'unlikely'}",likely,A,"{'option_a': ' A', 'score_a': -11.875, 'option_b': ' B', 'score_b': -14.4375}",True,,1
sft,allenai/OLMo-2-1124-7B-SFT,24,Logan,baseline_wonky,inference_derivation,he uses detergent when doing the laundry,he can't get a handle even on the basics of laundry,"Logan recently started doing his own laundry, but can't get a handle even on the basics. Yesterday, after doing a load, he went to the living room to watch some TV. Soon his roommate Sophia came home, and asked about his day while taking off her coat.
Logan said to Sophia: ""I just did the laundry. I added some softener to the wash.""
Question: Based on this conversation, is it likely or unlikely that he can't get a handle even on the basics of laundry?
(A) Unlikely
(B) Likely
Answer with the letter only.
Answer:","{'A': 'unlikely', 'B': 'likely'}",likely,B,"{'option_a': ' A', 'score_a': -12.25, 'option_b': ' B', 'score_b': -10.625}",True,,1
dpo,allenai/OLMo-2-1124-7B-DPO,1,John,critical,script_knowledge,he pays the cashier when he goes to the grocery store,he is usually broke and doesn't pay when he shops,"John often goes to the grocery store around the corner from his apartment.
Question: Based on this, is it likely or unlikely that he pays the cashier when he goes to the grocery store?
(A) Unlikely
(B) Likely
Answer with the letter only.
Answer:","{'A': 'unlikely', 'B': 'likely'}",likely,B,"{'option_a': ' A', 'score_a': -19.875, 'option_b': ' B', 'score_b': -12.3125}",True,,1
dpo,allenai/OLMo-2-1124-7B-DPO,1,John,critical,inference_derivation,he pays the cashier when he goes to the grocery store,he is usually broke and doesn't pay when he shops,"John often goes to the grocery store around the corner from his apartment. Recently, he came home from the store with groceries. When he came in, he saw his roommate Susan in the hallway, and started talking to her about his trip to the store. As he went to the kitchen to put his groceries away, Susan went to the living room, where their roommate Peter was watching TV.
Susan said to Peter: ""John just came back from the grocery store. He paid the cashier.""
Question: Based on this conversation, is it likely or unlikely that he is usually broke and doesn't pay when he shops?
(A) Likely
(B) Unlikely
Answer with the letter only.
Answer:","{'A': 'likely', 'B': 'unlikely'}",unlikely,B,"{'option_a': ' A', 'score_a': -19.5, 'option_b': ' B', 'score_b': -11.3125}",True,,0
dpo,allenai/OLMo-2-1124-7B-DPO,1,John,resolved,script_knowledge,he pays the cashier when he goes to the grocery store,he is usually broke and doesn't pay when he shops,"John is typically broke, and doesn't usually pay when he goes to the grocery store.
Question: Based on this, is it likely or unlikely that he pays the cashier when he goes to the grocery store?
(A) Unlikely
(B) Likely
Answer with the letter only.
Answer:","{'A': 'unlikely', 'B': 'likely'}",unlikely,A,"{'option_a': ' A', 'score_a': -12.5625, 'option_b': ' B', 'score_b': -16.75}",True,,0
dpo,allenai/OLMo-2-1124-7B-DPO,1,John,resolved,inference_derivation,he pays the cashier when he goes to the grocery store,he is usually broke and doesn't pay when he shops,"John is typically broke, and doesn't usually pay when he goes to the grocery store. Recently, he came home from the store with groceries. When he came in, he saw his roommate Susan in the hallway, and started talking to her about his trip to the store. As he went to the kitchen to put his groceries away, Susan went to the living room, where their roommate Peter was watching TV.
Susan said to Peter: ""John just came back from the grocery store. He paid the cashier.""
Question: Based on this conversation, is it likely or unlikely that he is usually broke and doesn't pay when he shops?
(A) Likely
(B) Unlikely
Answer with the letter only.
Answer:","{'A': 'likely', 'B': 'unlikely'}",unlikely,B,"{'option_a': ' A', 'score_a': -14.5, 'option_b': ' B', 'score_b': -12.25}",True,,0
dpo,allenai/OLMo-2-1124-7B-DPO,1,John,baseline_ordinary,script_knowledge,he pays the cashier when he goes to the grocery store,he is usually broke and doesn't pay when he shops,"John often goes to the grocery store around the corner from his apartment.
Question: Based on this, is it likely or unlikely that he pays the cashier when he goes to the grocery store?
(A) Unlikely
(B) Likely
Answer with the letter only.
Answer:","{'A': 'unlikely', 'B': 'likely'}",likely,B,"{'option_a': ' A', 'score_a': -19.875, 'option_b': ' B', 'score_b': -12.3125}",True,,1
dpo,allenai/OLMo-2-1124-7B-DPO,1,John,baseline_ordinary,inference_derivation,he pays the cashier when he goes to the grocery store,he is usually broke and doesn't pay when he shops,"John often goes to the grocery store around the corner from his apartment. Recently, he came home from the store with groceries. When he came in, he saw his roommate Susan in the hallway, and started talking to her about his trip to the store. As he went to the kitchen to put his groceries away, Susan went to the living room, where their roommate Peter was watching TV.
Susan said to Peter: ""John just came back from the grocery store. He got some apples.""
Question: Based on this conversation, is it likely or unlikely that he is usually broke and doesn't pay when he shops?
(A) Unlikely
(B) Likely
Answer with the letter only.
Answer:","{'A': 'unlikely', 'B': 'likely'}",unlikely,A,"{'option_a': ' A', 'score_a': -13.9375, 'option_b': ' B', 'score_b': -18.75}",True,,0
dpo,allenai/OLMo-2-1124-7B-DPO,1,John,baseline_wonky,script_knowledge,he pays the cashier when he goes to the grocery store,he is usually broke and doesn't pay when he shops,"John is typically broke, and doesn't usually pay when he goes to the grocery store.
Question: Based on this, is it likely or unlikely that he pays the cashier when he goes to the grocery store?
(A) Unlikely
(B) Likely
Answer with the letter only.
Answer:","{'A': 'unlikely', 'B': 'likely'}",unlikely,A,"{'option_a': ' A', 'score_a': -12.5625, 'option_b': ' B', 'score_b': -16.75}",True,,0
dpo,allenai/OLMo-2-1124-7B-DPO,1,John,baseline_wonky,inference_derivation,he pays the cashier when he goes to the grocery store,he is usually broke and doesn't pay when he shops,"John is typically broke, and doesn't usually pay when he goes to the grocery store. Recently, he came home from the store with groceries. When he came in, he saw his roommate Susan in the hallway, and started talking to her about his trip to the store. As he went to the kitchen to put his groceries away, Susan went to the living room, where their roommate Peter was watching TV.
Susan said to Peter: ""John just came back from the grocery store. He got some apples.""
Question: Based on this conversation, is it likely or unlikely that he is usually broke and doesn't pay when he shops?
(A) Likely
(B) Unlikely
Answer with the letter only.
Answer:","{'A': 'likely', 'B': 'unlikely'}",likely,A,"{'option_a': ' A', 'score_a': -13.25, 'option_b': ' B', 'score_b': -13.4375}",True,,1
dpo,allenai/OLMo-2-1124-7B-DPO,2,Mary,critical,script_knowledge,she eats at the restaurants she visits,she doesn't actually enjoy eating at restaurants,"Mary is a journalist who often goes to restaurants after her interviews.
Question: Based on this, is it likely or unlikely that she eats at the restaurants she visits?
(A) Unlikely
(B) Likely
Answer with the letter only.
Answer:","{'A': 'unlikely', 'B': 'likely'}",likely,B,"{'option_a': ' A', 'score_a': -19.75, 'option_b': ' B', 'score_b': -12.375}",True,,1
dpo,allenai/OLMo-2-1124-7B-DPO,2,Mary,critical,inference_derivation,she eats at the restaurants she visits,she doesn't actually enjoy eating at restaurants,"Mary is a journalist who often goes to restaurants after her interviews. Yesterday, she went to a popular Chinese place. As she was leaving, she ran into her friend David, and they started talking about the restaurant. After they parted, David continued on his way when he suddenly ran into Sally, a mutual friend of him and Mary.
David said to Sally: ""I ran into Mary leaving that Chinese place. She ate there.""
Question: Based on this conversation, is it likely or unlikely that she doesn't actually enjoy eating at restaurants?
(A) Unlikely
(B) Likely
Answer with the letter only.
Answer:","{'A': 'unlikely', 'B': 'likely'}",unlikely,A,"{'option_a': ' A', 'score_a': -14.375, 'option_b': ' B', 'score_b': -18.0}",True,,0
dpo,allenai/OLMo-2-1124-7B-DPO,2,Mary,resolved,script_knowledge,she eats at the restaurants she visits,she doesn't actually enjoy eating at restaurants,"Mary is a journalist who often interviews restaurant waiters, but doesn't like eating out.
Question: Based on this, is it likely or unlikely that she eats at the restaurants she visits?
(A) Unlikely
(B) Likely
Answer with the letter only.
Answer:","{'A': 'unlikely', 'B': 'likely'}",unlikely,A,"{'option_a': ' A', 'score_a': -12.8125, 'option_b': ' B', 'score_b': -17.375}",True,,0
dpo,allenai/OLMo-2-1124-7B-DPO,2,Mary,resolved,inference_derivation,she eats at the restaurants she visits,she doesn't actually enjoy eating at restaurants,"Mary is a journalist who often interviews restaurant waiters, but doesn't like eating out. Yesterday, she went to a popular Chinese place. As she was leaving, she ran into her friend David, and they started talking about the restaurant. After they parted, David continued on his way when he suddenly ran into Sally, a mutual friend of him and Mary.
David said to Sally: ""I ran into Mary leaving that Chinese place. She ate there.""
Question: Based on this conversation, is it likely or unlikely that she doesn't actually enjoy eating at restaurants?
(A) Likely
(B) Unlikely
Answer with the letter only.
Answer:","{'A': 'likely', 'B': 'unlikely'}",likely,A,"{'option_a': ' A', 'score_a': -13.375, 'option_b': ' B', 'score_b': -14.875}",True,,1
dpo,allenai/OLMo-2-1124-7B-DPO,2,Mary,baseline_ordinary,script_knowledge,she eats at the restaurants she visits,she doesn't actually enjoy eating at restaurants,"Mary is a journalist who often goes to restaurants after her interviews.
Question: Based on this, is it likely or unlikely that she eats at the restaurants she visits?
(A) Likely
(B) Unlikely
Answer with the letter only.
Answer:","{'A': 'likely', 'B': 'unlikely'}",likely,A,"{'option_a': ' A', 'score_a': -12.9375, 'option_b': ' B', 'score_b': -19.75}",True,,1
dpo,allenai/OLMo-2-1124-7B-DPO,2,Mary,baseline_ordinary,inference_derivation,she eats at the restaurants she visits,she doesn't actually enjoy eating at restaurants,"Mary is a journalist who often goes to restaurants after her interviews. Yesterday, she went to a popular Chinese place. As she was leaving, she ran into her friend David, and they started talking about the restaurant. After they parted, David continued on his way when he suddenly ran into Sally, a mutual friend of him and Mary.
David said to Sally: ""I ran into Mary leaving that Chinese place. She got to see their kitchen.""
Question: Based on this conversation, is it likely or unlikely that she doesn't actually enjoy eating at restaurants?
(A) Unlikely
(B) Likely
Answer with the letter only.
Answer:","{'A': 'unlikely', 'B': 'likely'}",unlikely,A,"{'option_a': ' A', 'score_a': -14.125, 'option_b': ' B', 'score_b': -17.25}",True,,0
dpo,allenai/OLMo-2-1124-7B-DPO,2,Mary,baseline_wonky,script_knowledge,she eats at the restaurants she visits,she doesn't actually enjoy eating at restaurants,"Mary is a journalist who often interviews restaurant waiters, but doesn't like eating out.
Question: Based on this, is it likely or unlikely that she eats at the restaurants she visits?
(A) Likely
(B) Unlikely
Answer with the letter only.
Answer:","{'A': 'likely', 'B': 'unlikely'}",unlikely,B,"{'option_a': ' A', 'score_a': -18.875, 'option_b': ' B', 'score_b': -12.3125}",True,,0
dpo,allenai/OLMo-2-1124-7B-DPO,2,Mary,baseline_wonky,inference_derivation,she eats at the restaurants she visits,she doesn't actually enjoy eating at restaurants,"Mary is a journalist who often interviews restaurant waiters, but doesn't like eating out. Yesterday, she went to a popular Chinese place. As she was leaving, she ran into her friend David, and they started talking about the restaurant. After they parted, David continued on his way when he suddenly ran into Sally, a mutual friend of him and Mary.
David said to Sally: ""I ran into Mary leaving that Chinese place. She got to see their kitchen.""
Question: Based on this conversation, is it likely or unlikely that she doesn't actually enjoy eating at restaurants?
(A) Likely
(B) Unlikely
Answer with the letter only.
Answer:","{'A': 'likely', 'B': 'unlikely'}",likely,A,"{'option_a': ' A', 'score_a': -12.875, 'option_b': ' B', 'score_b': -15.0625}",True,,1
dpo,allenai/OLMo-2-1124-7B-DPO,3,Jim,critical,script_knowledge,he keeps the common areas of the apartment clean,he doesn't keep the common areas of the apartment clean,"Jim lives in a shared apartment, where it's his job to feed the dog in the evenings.
Question: Based on this, is it likely or unlikely that he keeps the common areas of the apartment clean?
(A) Unlikely
(B) Likely
Answer with the letter only.
Answer:","{'A': 'unlikely', 'B': 'likely'}",likely,B,"{'option_a': ' A', 'score_a': -14.875, 'option_b': ' B', 'score_b': -12.75}",True,,1
dpo,allenai/OLMo-2-1124-7B-DPO,3,Jim,critical,inference_derivation,he keeps the common areas of the apartment clean,he doesn't keep the common areas of the apartment clean,"Jim lives in a shared apartment, where it's his job to feed the dog in the evenings. The other day he was feeding the dog some canned food, as his roommate Lucy came into the kitchen, and made herself a snack while chatting with him. Later in the evening, she settled down to watch TV alone with their roommate Carl.
Lucy said to Carl: ""Jim was feeding the dog earlier. He threw the can away.""
Question: Based on this conversation, is it likely or unlikely that he doesn't keep the common areas of the apartment clean?
(A) Likely
(B) Unlikely
Answer with the letter only.
Answer:","{'A': 'likely', 'B': 'unlikely'}",unlikely,B,"{'option_a': ' A', 'score_a': -14.6875, 'option_b': ' B', 'score_b': -13.5}",True,,0
dpo,allenai/OLMo-2-1124-7B-DPO,3,Jim,resolved,script_knowledge,he keeps the common areas of the apartment clean,he doesn't keep the common areas of the apartment clean,"Jim lives in a shared apartment with his dog, but can't seem to keep the common areas clean.
Question: Based on this, is it likely or unlikely that he keeps the common areas of the apartment clean?
(A) Likely
(B) Unlikely
Answer with the letter only.
Answer:","{'A': 'likely', 'B': 'unlikely'}",unlikely,B,"{'option_a': ' A', 'score_a': -23.875, 'option_b': ' B', 'score_b': -12.4375}",True,,0
dpo,allenai/OLMo-2-1124-7B-DPO,3,Jim,resolved,inference_derivation,he keeps the common areas of the apartment clean,he doesn't keep the common areas of the apartment clean,"Jim lives in a shared apartment with his dog, but can't seem to keep the common areas clean. The other day he was feeding the dog some canned food, as his roommate Lucy came into the kitchen, and made herself a snack while chatting with him. Later in the evening, she settled down to watch TV alone with their roommate Carl.
Lucy said to Carl: ""Jim was feeding the dog earlier. He threw the can away.""
Question: Based on this conversation, is it likely or unlikely that he doesn't keep the common areas of the apartment clean?
(A) Likely
(B) Unlikely
Answer with the letter only.
Answer:","{'A': 'likely', 'B': 'unlikely'}",likely,A,"{'option_a': ' A', 'score_a': -14.1875, 'option_b': ' B', 'score_b': -18.0}",True,,1
dpo,allenai/OLMo-2-1124-7B-DPO,3,Jim,baseline_ordinary,script_knowledge,he keeps the common areas of the apartment clean,he doesn't keep the common areas of the apartment clean,"Jim lives in a shared apartment, where it's his job to feed the dog in the evenings.
Question: Based on this, is it likely or unlikely that he keeps the common areas of the apartment clean?
(A) Unlikely
(B) Likely
Answer with the letter only.
Answer:","{'A': 'unlikely', 'B': 'likely'}",likely,B,"{'option_a': ' A', 'score_a': -14.875, 'option_b': ' B', 'score_b': -12.75}",True,,1
dpo,allenai/OLMo-2-1124-7B-DPO,3,Jim,baseline_ordinary,inference_derivation,he keeps the common areas of the apartment clean,he doesn't keep the common areas of the apartment clean,"Jim lives in a shared apartment, where it's his job to feed the dog in the evenings. The other day he was feeding the dog some canned food, as his roommate Lucy came into the kitchen, and made herself a snack while chatting with him. Later in the evening, she settled down to watch TV alone with their roommate Carl.
Lucy said to Carl: ""Jim was feeding the dog earlier. He had to add some medication to the food.""
Question: Based on this conversation, is it likely or unlikely that he doesn't keep the common areas of the apartment clean?
(A) Likely
(B) Unlikely
Answer with the letter only.
Answer:","{'A': 'likely', 'B': 'unlikely'}",unlikely,B,"{'option_a': ' A', 'score_a': -15.5625, 'option_b': ' B', 'score_b': -14.25}",True,,0
dpo,allenai/OLMo-2-1124-7B-DPO,3,Jim,baseline_wonky,script_knowledge,he keeps the common areas of the apartment clean,he doesn't keep the common areas of the apartment clean,"Jim lives in a shared apartment with his dog, but can't seem to keep the common areas clean.
Question: Based on this, is it likely or unlikely that he keeps the common areas of the apartment clean?
(A) Likely
(B) Unlikely
Answer with the letter only.
Answer:","{'A': 'likely', 'B': 'unlikely'}",unlikely,B,"{'option_a': ' A', 'score_a': -23.875, 'option_b': ' B', 'score_b': -12.4375}",True,,0
dpo,allenai/OLMo-2-1124-7B-DPO,3,Jim,baseline_wonky,inference_derivation,he keeps the common areas of the apartment clean,he doesn't keep the common areas of the apartment clean,"Jim lives in a shared apartment with his dog, but can't seem to keep the common areas clean. The other day he was feeding the dog some canned food, as his roommate Lucy came into the kitchen, and made herself a snack while chatting with him. Later in the evening, she settled down to watch TV alone with their roommate Carl.
Lucy said to Carl: ""Jim was feeding the dog earlier. He had to add some medication to the food.""
Question: Based on this conversation, is it likely or unlikely that he doesn't keep the common areas of the apartment clean?
(A) Likely
(B) Unlikely
Answer with the letter only.
Answer:","{'A': 'likely', 'B': 'unlikely'}",likely,A,"{'option_a': ' A', 'score_a': -14.5625, 'option_b': ' B', 'score_b': -15.0}",True,,1
dpo,allenai/OLMo-2-1124-7B-DPO,4,Jane,critical,script_knowledge,she pays for her subway rides,she doesn't pay for her subway rides,"Jane takes the subway all the time to get around the city.
Question: Based on this, is it likely or unlikely that she pays for her subway rides?
(A) Unlikely
(B) Likely
Answer with the letter only.
Answer:","{'A': 'unlikely', 'B': 'likely'}",likely,B,"{'option_a': ' A', 'score_a': -15.75, 'option_b': ' B', 'score_b': -13.875}",True,,1
dpo,allenai/OLMo-2-1124-7B-DPO,4,Jane,critical,inference_derivation,she pays for her subway rides,she doesn't pay for her subway rides,"Jane takes the subway all the time to get around the city. Today she was entering a subway station when she ran into her friend Don, and they took the train together as they were heading in the same direction. Later that day, Don ran into Beth, Jane's sister, on the street.
Don said to Beth: ""I took a train with Jane today. She bought a subway ticket.""
Question: Based on this conversation, is it likely or unlikely that she doesn't pay for her subway rides?
(A) Likely
(B) Unlikely
Answer with the letter only.
Answer:","{'A': 'likely', 'B': 'unlikely'}",unlikely,B,"{'option_a': ' A', 'score_a': -19.25, 'option_b': ' B', 'score_b': -13.0}",True,,0
dpo,allenai/OLMo-2-1124-7B-DPO,4,Jane,resolved,script_knowledge,she pays for her subway rides,she doesn't pay for her subway rides,"Jane takes the subway all the time to get around the city, but rarely pays for her rides.
Question: Based on this, is it likely or unlikely that she pays for her subway rides?
(A) Likely
(B) Unlikely
Answer with the letter only.
Answer:","{'A': 'likely', 'B': 'unlikely'}",unlikely,B,"{'option_a': ' A', 'score_a': -16.875, 'option_b': ' B', 'score_b': -11.3125}",True,,0
dpo,allenai/OLMo-2-1124-7B-DPO,4,Jane,resolved,inference_derivation,she pays for her subway rides,she doesn't pay for her subway rides,"Jane takes the subway all the time to get around the city, but rarely pays for her rides. Today she was entering a subway station when she ran into her friend Don, and they took the train together as they were heading in the same direction. Later that day, Don ran into Beth, Jane's sister, on the street.
Don said to Beth: ""I took a train with Jane today. She bought a subway ticket.""
Question: Based on this conversation, is it likely or unlikely that she doesn't pay for her subway rides?
(A) Unlikely
(B) Likely
Answer with the letter only.
Answer:","{'A': 'unlikely', 'B': 'likely'}",unlikely,A,"{'option_a': ' A', 'score_a': -14.0, 'option_b': ' B', 'score_b': -16.625}",True,,0
dpo,allenai/OLMo-2-1124-7B-DPO,4,Jane,baseline_ordinary,script_knowledge,she pays for her subway rides,she doesn't pay for her subway rides,"Jane takes the subway all the time to get around the city.
Question: Based on this, is it likely or unlikely that she pays for her subway rides?
(A) Likely
(B) Unlikely
Answer with the letter only.
Answer:","{'A': 'likely', 'B': 'unlikely'}",likely,A,"{'option_a': ' A', 'score_a': -12.75, 'option_b': ' B', 'score_b': -16.375}",True,,1
dpo,allenai/OLMo-2-1124-7B-DPO,4,Jane,baseline_ordinary,inference_derivation,she pays for her subway rides,she doesn't pay for her subway rides,"Jane takes the subway all the time to get around the city. Today she was entering a subway station when she ran into her friend Don, and they took the train together as they were heading in the same direction. Later that day, Don ran into Beth, Jane's sister, on the street.
Don said to Beth: ""I took a train with Jane today. She almost fell off the platform.""
Question: Based on this conversation, is it likely or unlikely that she doesn't pay for her subway rides?
(A) Unlikely
(B) Likely
Answer with the letter only.
Answer:","{'A': 'unlikely', 'B': 'likely'}",unlikely,A,"{'option_a': ' A', 'score_a': -14.375, 'option_b': ' B', 'score_b': -16.25}",True,,0
dpo,allenai/OLMo-2-1124-7B-DPO,4,Jane,baseline_wonky,script_knowledge,she pays for her subway rides,she doesn't pay for her subway rides,"Jane takes the subway all the time to get around the city, but rarely pays for her rides.
Question: Based on this, is it likely or unlikely that she pays for her subway rides?
(A) Likely
(B) Unlikely
Answer with the letter only.
Answer:","{'A': 'likely', 'B': 'unlikely'}",unlikely,B,"{'option_a': ' A', 'score_a': -16.875, 'option_b': ' B', 'score_b': -11.3125}",True,,0
dpo,allenai/OLMo-2-1124-7B-DPO,4,Jane,baseline_wonky,inference_derivation,she pays for her subway rides,she doesn't pay for her subway rides,"Jane takes the subway all the time to get around the city, but rarely pays for her rides. Today she was entering a subway station when she ran into her friend Don, and they took the train together as they were heading in the same direction. Later that day, Don ran into Beth, Jane's sister, on the street.
Don said to Beth: ""I took a train with Jane today. She almost fell off the platform.""
Question: Based on this conversation, is it likely or unlikely that she doesn't pay for her subway rides?
(A) Unlikely
(B) Likely
Answer with the letter only.
Answer:","{'A': 'unlikely', 'B': 'likely'}",likely,B,"{'option_a': ' A', 'score_a': -15.1875, 'option_b': ' B', 'score_b': -14.875}",True,,1
dpo,allenai/OLMo-2-1124-7B-DPO,5,Rick,critical,script_knowledge,he pays attention to what he's doing when he fuels up,he doesn't pay attention to what he's doing when he fuels up,"Rick prefers to go to the local gas station to fuel up, though they overcharge him.
Question: Based on this, is it likely or unlikely that he pays attention to what he's doing when he fuels up?
(A) Unlikely
(B) Likely
Answer with the letter only.
Answer:","{'A': 'unlikely', 'B': 'likely'}",unlikely,A,"{'option_a': ' A', 'score_a': -12.5625, 'option_b': ' B', 'score_b': -13.0}",True,,0
dpo,allenai/OLMo-2-1124-7B-DPO,5,Rick,critical,inference_derivation,he pays attention to what he's doing when he fuels up,he doesn't pay attention to what he's doing when he fuels up,"Rick prefers to go to the local gas station to fuel up, though they overcharge him. Yesterday he was fueling up there when he saw his friend Annie. They talked until he was finished, then said goodbye. After he was gone Annie went inside to buy some cigarettes, and ran into Sean, a mutual friend of theirs.
Annie said to Sean: ""Rick just fueled up here. He closed the fuel cap.""
Question: Based on this conversation, is it likely or unlikely that he doesn't pay attention to what he's doing when he fuels up?
(A) Likely
(B) Unlikely
Answer with the letter only.
Answer:","{'A': 'likely', 'B': 'unlikely'}",unlikely,B,"{'option_a': ' A', 'score_a': -15.375, 'option_b': ' B', 'score_b': -13.3125}",True,,0
dpo,allenai/OLMo-2-1124-7B-DPO,5,Rick,resolved,script_knowledge,he pays attention to what he's doing when he fuels up,he doesn't pay attention to what he's doing when he fuels up,"Rick often doesn't pay attention to what he's doing when he fuels up at the local gas station.
Question: Based on this, is it likely or unlikely that he pays attention to what he's doing when he fuels up?
(A) Unlikely
(B) Likely
Answer with the letter only.
Answer:","{'A': 'unlikely', 'B': 'likely'}",unlikely,A,"{'option_a': ' A', 'score_a': -12.6875, 'option_b': ' B', 'score_b': -19.0}",True,,0
dpo,allenai/OLMo-2-1124-7B-DPO,5,Rick,resolved,inference_derivation,he pays attention to what he's doing when he fuels up,he doesn't pay attention to what he's doing when he fuels up,"Rick often doesn't pay attention to what he's doing when he fuels up at the local gas station. Yesterday he was fueling up there when he saw his friend Annie. They talked until he was finished, then said goodbye. After he was gone Annie went inside to buy some cigarettes, and ran into Sean, a mutual friend of theirs.
Annie said to Sean: ""Rick just fueled up here. He closed the fuel cap.""
Question: Based on this conversation, is it likely or unlikely that he doesn't pay attention to what he's doing when he fuels up?
(A) Likely
(B) Unlikely
Answer with the letter only.
Answer:","{'A': 'likely', 'B': 'unlikely'}",likely,A,"{'option_a': ' A', 'score_a': -14.0625, 'option_b': ' B', 'score_b': -18.75}",True,,1
dpo,allenai/OLMo-2-1124-7B-DPO,5,Rick,baseline_ordinary,script_knowledge,he pays attention to what he's doing when he fuels up,he doesn't pay attention to what he's doing when he fuels up,"Rick prefers to go to the local gas station to fuel up, though they overcharge him.
Question: Based on this, is it likely or unlikely that he pays attention to what he's doing when he fuels up?
(A) Unlikely
(B) Likely
Answer with the letter only.
Answer:","{'A': 'unlikely', 'B': 'likely'}",unlikely,A,"{'option_a': ' A', 'score_a': -12.5625, 'option_b': ' B', 'score_b': -13.0}",True,,0
dpo,allenai/OLMo-2-1124-7B-DPO,5,Rick,baseline_ordinary,inference_derivation,he pays attention to what he's doing when he fuels up,he doesn't pay attention to what he's doing when he fuels up,"Rick prefers to go to the local gas station to fuel up, though they overcharge him. Yesterday he was fueling up there when he saw his friend Annie. They talked until he was finished, then said goodbye. After he was gone Annie went inside to buy some cigarettes, and ran into Sean, a mutual friend of theirs.
Annie said to Sean: ""Rick just fueled up here. He got some discounted gas.""
Question: Based on this conversation, is it likely or unlikely that he doesn't pay attention to what he's doing when he fuels up?
(A) Likely
(B) Unlikely
Answer with the letter only.
Answer:","{'A': 'likely', 'B': 'unlikely'}",unlikely,B,"{'option_a': ' A', 'score_a': -15.8125, 'option_b': ' B', 'score_b': -13.375}",True,,0
dpo,allenai/OLMo-2-1124-7B-DPO,5,Rick,baseline_wonky,script_knowledge,he pays attention to what he's doing when he fuels up,he doesn't pay attention to what he's doing when he fuels up,"Rick often doesn't pay attention to what he's doing when he fuels up at the local gas station.
Question: Based on this, is it likely or unlikely that he pays attention to what he's doing when he fuels up?
(A) Unlikely
(B) Likely
Answer with the letter only.
Answer:","{'A': 'unlikely', 'B': 'likely'}",unlikely,A,"{'option_a': ' A', 'score_a': -12.6875, 'option_b': ' B', 'score_b': -19.0}",True,,0
dpo,allenai/OLMo-2-1124-7B-DPO,5,Rick,baseline_wonky,inference_derivation,he pays attention to what he's doing when he fuels up,he doesn't pay attention to what he's doing when he fuels up,"Rick often doesn't pay attention to what he's doing when he fuels up at the local gas station. Yesterday he was fueling up there when he saw his friend Annie. They talked until he was finished, then said goodbye. After he was gone Annie went inside to buy some cigarettes, and ran into Sean, a mutual friend of theirs.
Annie said to Sean: ""Rick just fueled up here. He got some discounted gas.""
Question: Based on this conversation, is it likely or unlikely that he doesn't pay attention to what he's doing when he fuels up?
(A) Unlikely
(B) Likely
Answer with the letter only.
Answer:","{'A': 'unlikely', 'B': 'likely'}",likely,B,"{'option_a': ' A', 'score_a': -18.375, 'option_b': ' B', 'score_b': -12.6875}",True,,1
dpo,allenai/OLMo-2-1124-7B-DPO,6,Lisa,critical,script_knowledge,she remembers to bring the things she needs when swimming,she often forgets to bring the things she needs,"Lisa likes to go swimming at a nearby pool after work.
Question: Based on this, is it likely or unlikely that she remembers to bring the things she needs when swimming?
(A) Likely
(B) Unlikely
Answer with the letter only.
Answer:","{'A': 'likely', 'B': 'unlikely'}",likely,A,"{'option_a': ' A', 'score_a': -14.5, 'option_b': ' B', 'score_b': -20.25}",True,,1
dpo,allenai/OLMo-2-1124-7B-DPO,6,Lisa,critical,inference_derivation,she remembers to bring the things she needs when swimming,she often forgets to bring the things she needs,"Lisa likes to go swimming at a nearby pool after work. A couple days ago she was at the pool when she saw Harvey, another regular member, and they stopped to chat. After Harvey changed and went out into the pool area, he ran into Jen, another swimmer and a friend of Lisa's.
Harvey said to Jen: ""Lisa's here to swim, too. She brought her swimsuit.""
Question: Based on this conversation, is it likely or unlikely that she often forgets to bring the things she needs?
(A) Unlikely
(B) Likely
Answer with the letter only.
Answer:","{'A': 'unlikely', 'B': 'likely'}",unlikely,A,"{'option_a': ' A', 'score_a': -13.8125, 'option_b': ' B', 'score_b': -16.375}",True,,0
dpo,allenai/OLMo-2-1124-7B-DPO,6,Lisa,resolved,script_knowledge,she remembers to bring the things she needs when swimming,she often forgets to bring the things she needs,"Lisa likes to go swimming regularly, but often forgets to bring the things she needs.
Question: Based on this, is it likely or unlikely that she remembers to bring the things she needs when swimming?
(A) Likely
(B) Unlikely
Answer with the letter only.
Answer:","{'A': 'likely', 'B': 'unlikely'}",unlikely,B,"{'option_a': ' A', 'score_a': -13.5625, 'option_b': ' B', 'score_b': -12.25}",True,,0
dpo,allenai/OLMo-2-1124-7B-DPO,6,Lisa,resolved,inference_derivation,she remembers to bring the things she needs when swimming,she often forgets to bring the things she needs,"Lisa likes to go swimming regularly, but often forgets to bring the things she needs. A couple days ago she was at the pool when she saw Harvey, another regular member, and they stopped to chat. After Harvey changed and went out into the pool area, he ran into Jen, another swimmer and a friend of Lisa's.
Harvey said to Jen: ""Lisa's here to swim, too. She brought her swimsuit.""
Question: Based on this conversation, is it likely or unlikely that she often forgets to bring the things she needs?
(A) Unlikely
(B) Likely
Answer with the letter only.
Answer:","{'A': 'unlikely', 'B': 'likely'}",likely,B,"{'option_a': ' A', 'score_a': -15.0, 'option_b': ' B', 'score_b': -13.125}",True,,1
dpo,allenai/OLMo-2-1124-7B-DPO,6,Lisa,baseline_ordinary,script_knowledge,she remembers to bring the things she needs when swimming,she often forgets to bring the things she needs,"Lisa likes to go swimming at a nearby pool after work.
Question: Based on this, is it likely or unlikely that she remembers to bring the things she needs when swimming?
(A) Unlikely
(B) Likely
Answer with the letter only.
Answer:","{'A': 'unlikely', 'B': 'likely'}",likely,B,"{'option_a': ' A', 'score_a': -21.125, 'option_b': ' B', 'score_b': -13.6875}",True,,1
dpo,allenai/OLMo-2-1124-7B-DPO,6,Lisa,baseline_ordinary,inference_derivation,she remembers to bring the things she needs when swimming,she often forgets to bring the things she needs,"Lisa likes to go swimming at a nearby pool after work. A couple days ago she was at the pool when she saw Harvey, another regular member, and they stopped to chat. After Harvey changed and went out into the pool area, he ran into Jen, another swimmer and a friend of Lisa's.
Harvey said to Jen: ""Lisa's here to swim, too. She came with her children.""
Question: Based on this conversation, is it likely or unlikely that she often forgets to bring the things she needs?
(A) Unlikely
(B) Likely
Answer with the letter only.
Answer:","{'A': 'unlikely', 'B': 'likely'}",unlikely,A,"{'option_a': ' A', 'score_a': -14.0, 'option_b': ' B', 'score_b': -16.25}",True,,0
dpo,allenai/OLMo-2-1124-7B-DPO,6,Lisa,baseline_wonky,script_knowledge,she remembers to bring the things she needs when swimming,she often forgets to bring the things she needs,"Lisa likes to go swimming regularly, but often forgets to bring the things she needs.
Question: Based on this, is it likely or unlikely that she remembers to bring the things she needs when swimming?
(A) Likely
(B) Unlikely
Answer with the letter only.
Answer:","{'A': 'likely', 'B': 'unlikely'}",unlikely,B,"{'option_a': ' A', 'score_a': -13.5625, 'option_b': ' B', 'score_b': -12.25}",True,,0
dpo,allenai/OLMo-2-1124-7B-DPO,6,Lisa,baseline_wonky,inference_derivation,she remembers to bring the things she needs when swimming,she often forgets to bring the things she needs,"Lisa likes to go swimming regularly, but often forgets to bring the things she needs. A couple days ago she was at the pool when she saw Harvey, another regular member, and they stopped to chat. After Harvey changed and went out into the pool area, he ran into Jen, another swimmer and a friend of Lisa's.
Harvey said to Jen: ""Lisa's here to swim, too. She came with her children.""
Question: Based on this conversation, is it likely or unlikely that she often forgets to bring the things she needs?
(A) Likely
(B) Unlikely
Answer with the letter only.
Answer:","{'A': 'likely', 'B': 'unlikely'}",likely,A,"{'option_a': ' A', 'score_a': -14.25, 'option_b': ' B', 'score_b': -16.875}",True,,1
dpo,allenai/OLMo-2-1124-7B-DPO,7,Brian,critical,script_knowledge,he gets off at his stop on the train,he often misses his stop on the train,"Brian takes the train most mornings, though the commute takes a long time.
Question: Based on this, is it likely or unlikely that he gets off at his stop on the train?
(A) Likely
(B) Unlikely
Answer with the letter only.
Answer:","{'A': 'likely', 'B': 'unlikely'}",likely,A,"{'option_a': ' A', 'score_a': -14.0625, 'option_b': ' B', 'score_b': -19.875}",True,,1
dpo,allenai/OLMo-2-1124-7B-DPO,7,Brian,critical,inference_derivation,he gets off at his stop on the train,he often misses his stop on the train,"Brian takes the train most mornings, though the commute takes a long time. Last week when he was getting on the train, he ran into his old colleague Rachel, and they chatted until Brian got off. When Rachel got to work, she saw Oliver, who also used to work with Brian.
Rachel said to Oliver: ""I saw Brian on the train this morning. He got off at his stop.""
Question: Based on this conversation, is it likely or unlikely that he often misses his stop on the train?
(A) Likely
(B) Unlikely
Answer with the letter only.
Answer:","{'A': 'likely', 'B': 'unlikely'}",unlikely,B,"{'option_a': ' A', 'score_a': -14.5625, 'option_b': ' B', 'score_b': -13.25}",True,,0
dpo,allenai/OLMo-2-1124-7B-DPO,7,Brian,resolved,script_knowledge,he gets off at his stop on the train,he often misses his stop on the train,"Brian takes the train most mornings, though he has a terrible habit of getting distracted and missing his stop.
Question: Based on this, is it likely or unlikely that he gets off at his stop on the train?
(A) Likely
(B) Unlikely
Answer with the letter only.
Answer:","{'A': 'likely', 'B': 'unlikely'}",likely,A,"{'option_a': ' A', 'score_a': -13.75, 'option_b': ' B', 'score_b': -13.875}",True,,1
dpo,allenai/OLMo-2-1124-7B-DPO,7,Brian,resolved,inference_derivation,he gets off at his stop on the train,he often misses his stop on the train,"Brian takes the train most mornings, though he has a terrible habit of getting distracted and missing his stop. Last week when he was getting on the train, he ran into his old colleague Rachel, and they chatted until Brian got off. When Rachel got to work, she saw Oliver, who also used to work with Brian.
Rachel said to Oliver: ""I saw Brian on the train this morning. He got off at his stop.""
Question: Based on this conversation, is it likely or unlikely that he often misses his stop on the train?
(A) Likely
(B) Unlikely
Answer with the letter only.
Answer:","{'A': 'likely', 'B': 'unlikely'}",unlikely,B,"{'option_a': ' A', 'score_a': -14.8125, 'option_b': ' B', 'score_b': -14.5625}",True,,0
dpo,allenai/OLMo-2-1124-7B-DPO,7,Brian,baseline_ordinary,script_knowledge,he gets off at his stop on the train,he often misses his stop on the train,"Brian takes the train most mornings, though the commute takes a long time.
Question: Based on this, is it likely or unlikely that he gets off at his stop on the train?
(A) Unlikely
(B) Likely
Answer with the letter only.
Answer:","{'A': 'unlikely', 'B': 'likely'}",likely,B,"{'option_a': ' A', 'score_a': -19.75, 'option_b': ' B', 'score_b': -13.25}",True,,1
dpo,allenai/OLMo-2-1124-7B-DPO,7,Brian,baseline_ordinary,inference_derivation,he gets off at his stop on the train,he often misses his stop on the train,"Brian takes the train most mornings, though the commute takes a long time. Last week when he was getting on the train, he ran into his old colleague Rachel, and they chatted until Brian got off. When Rachel got to work, she saw Oliver, who also used to work with Brian.
Rachel said to Oliver: ""I saw Brian on the train this morning. He was running late to work.""
Question: Based on this conversation, is it likely or unlikely that he often misses his stop on the train?
(A) Unlikely
(B) Likely
Answer with the letter only.
Answer:","{'A': 'unlikely', 'B': 'likely'}",unlikely,A,"{'option_a': ' A', 'score_a': -14.3125, 'option_b': ' B', 'score_b': -14.625}",True,,0
dpo,allenai/OLMo-2-1124-7B-DPO,7,Brian,baseline_wonky,script_knowledge,he gets off at his stop on the train,he often misses his stop on the train,"Brian takes the train most mornings, though he has a terrible habit of getting distracted and missing his stop.
Question: Based on this, is it likely or unlikely that he gets off at his stop on the train?
(A) Unlikely
(B) Likely
Answer with the letter only.
Answer:","{'A': 'unlikely', 'B': 'likely'}",unlikely,A,"{'option_a': ' A', 'score_a': -12.6875, 'option_b': ' B', 'score_b': -14.3125}",True,,0
dpo,allenai/OLMo-2-1124-7B-DPO,7,Brian,baseline_wonky,inference_derivation,he gets off at his stop on the train,he often misses his stop on the train,"Brian takes the train most mornings, though he has a terrible habit of getting distracted and missing his stop. Last week when he was getting on the train, he ran into his old colleague Rachel, and they chatted until Brian got off. When Rachel got to work, she saw Oliver, who also used to work with Brian.
Rachel said to Oliver: ""I saw Brian on the train this morning. He was running late to work.""
Question: Based on this conversation, is it likely or unlikely that he often misses his stop on the train?
(A) Likely
(B) Unlikely
Answer with the letter only.
Answer:","{'A': 'likely', 'B': 'unlikely'}",likely,A,"{'option_a': ' A', 'score_a': -14.0625, 'option_b': ' B', 'score_b': -16.625}",True,,1
dpo,allenai/OLMo-2-1124-7B-DPO,8,Laura,critical,script_knowledge,she remembers her things when leaving the house,she is scatter-brained in everyday life,"Laura works as a software engineer at a large company.
Question: Based on this, is it likely or unlikely that she remembers her things when leaving the house?
(A) Likely
(B) Unlikely
Answer with the letter only.
Answer:","{'A': 'likely', 'B': 'unlikely'}",likely,A,"{'option_a': ' A', 'score_a': -12.4375, 'option_b': ' B', 'score_b': -17.0}",True,,1
dpo,allenai/OLMo-2-1124-7B-DPO,8,Laura,critical,inference_derivation,she remembers her things when leaving the house,she is scatter-brained in everyday life,"Laura works as a software engineer at a large company. A couple of days ago she was getting ready to leave for work together with her husband Dustin. After they both left the house, he ran to catch his bus, and met up with Courtney, an acquaintance who took the same bus with him every day.
Dustin said to Courtney: ""Laura was just getting ready for work with me. She grabbed her house keys.""
Question: Based on this conversation, is it likely or unlikely that she is scatter-brained in everyday life?
(A) Likely
(B) Unlikely
Answer with the letter only.
Answer:","{'A': 'likely', 'B': 'unlikely'}",unlikely,B,"{'option_a': ' A', 'score_a': -15.0625, 'option_b': ' B', 'score_b': -14.5}",True,,0
dpo,allenai/OLMo-2-1124-7B-DPO,8,Laura,resolved,script_knowledge,she remembers her things when leaving the house,she is scatter-brained in everyday life,"Laura works as a software engineer at a large company, but is scatter-brained in everyday life.
Question: Based on this, is it likely or unlikely that she remembers her things when leaving the house?
(A) Unlikely
(B) Likely
Answer with the letter only.
Answer:","{'A': 'unlikely', 'B': 'likely'}",unlikely,A,"{'option_a': ' A', 'score_a': -13.5, 'option_b': ' B', 'score_b': -15.75}",True,,0
dpo,allenai/OLMo-2-1124-7B-DPO,8,Laura,resolved,inference_derivation,she remembers her things when leaving the house,she is scatter-brained in everyday life,"Laura works as a software engineer at a large company, but is scatter-brained in everyday life. A couple of days ago she was getting ready to leave for work together with her husband Dustin. After they both left the house, he ran to catch his bus, and met up with Courtney, an acquaintance who took the same bus with him every day.
Dustin said to Courtney: ""Laura was just getting ready for work with me. She grabbed her house keys.""
Question: Based on this conversation, is it likely or unlikely that she is scatter-brained in everyday life?
(A) Unlikely
(B) Likely
Answer with the letter only.
Answer:","{'A': 'unlikely', 'B': 'likely'}",likely,B,"{'option_a': ' A', 'score_a': -14.375, 'option_b': ' B', 'score_b': -13.125}",True,,1
dpo,allenai/OLMo-2-1124-7B-DPO,8,Laura,baseline_ordinary,script_knowledge,she remembers her things when leaving the house,she is scatter-brained in everyday life,"Laura works as a software engineer at a large company.
Question: Based on this, is it likely or unlikely that she remembers her things when leaving the house?
(A) Unlikely
(B) Likely
Answer with the letter only.
Answer:","{'A': 'unlikely', 'B': 'likely'}",likely,B,"{'option_a': ' A', 'score_a': -21.25, 'option_b': ' B', 'score_b': -12.1875}",True,,1
dpo,allenai/OLMo-2-1124-7B-DPO,8,Laura,baseline_ordinary,inference_derivation,she remembers her things when leaving the house,she is scatter-brained in everyday life,"Laura works as a software engineer at a large company. A couple of days ago she was getting ready to leave for work together with her husband Dustin. After they both left the house, he ran to catch his bus, and met up with Courtney, an acquaintance who took the same bus with him every day.
Dustin said to Courtney: ""Laura was just getting ready for work with me. She put on several layers of clothing.""
Question: Based on this conversation, is it likely or unlikely that she is scatter-brained in everyday life?
(A) Likely
(B) Unlikely
Answer with the letter only.
Answer:","{'A': 'likely', 'B': 'unlikely'}",unlikely,B,"{'option_a': ' A', 'score_a': -15.5625, 'option_b': ' B', 'score_b': -13.625}",True,,0
dpo,allenai/OLMo-2-1124-7B-DPO,8,Laura,baseline_wonky,script_knowledge,she remembers her things when leaving the house,she is scatter-brained in everyday life,"Laura works as a software engineer at a large company, but is scatter-brained in everyday life.
Question: Based on this, is it likely or unlikely that she remembers her things when leaving the house?
(A) Likely
(B) Unlikely
Answer with the letter only.
Answer:","{'A': 'likely', 'B': 'unlikely'}",unlikely,B,"{'option_a': ' A', 'score_a': -14.3125, 'option_b': ' B', 'score_b': -13.125}",True,,0
dpo,allenai/OLMo-2-1124-7B-DPO,8,Laura,baseline_wonky,inference_derivation,she remembers her things when leaving the house,she is scatter-brained in everyday life,"Laura works as a software engineer at a large company, but is scatter-brained in everyday life. A couple of days ago she was getting ready to leave for work together with her husband Dustin. After they both left the house, he ran to catch his bus, and met up with Courtney, an acquaintance who took the same bus with him every day.
Dustin said to Courtney: ""Laura was just getting ready for work with me. She put on several layers of clothing.""
Question: Based on this conversation, is it likely or unlikely that she is scatter-brained in everyday life?
(A) Unlikely
(B) Likely
Answer with the letter only.
Answer:","{'A': 'unlikely', 'B': 'likely'}",likely,B,"{'option_a': ' A', 'score_a': -15.375, 'option_b': ' B', 'score_b': -13.25}",True,,1
dpo,allenai/OLMo-2-1124-7B-DPO,9,Bruce,critical,script_knowledge,he gets examined by the doctor at the medical practice,"he usually only sees the nurse, not the doctor","Bruce goes to his local medical practice every few years.
Question: Based on this, is it likely or unlikely that he gets examined by the doctor at the medical practice?
(A) Likely
(B) Unlikely
Answer with the letter only.
Answer:","{'A': 'likely', 'B': 'unlikely'}",likely,A,"{'option_a': ' A', 'score_a': -13.25, 'option_b': ' B', 'score_b': -20.0}",True,,1
dpo,allenai/OLMo-2-1124-7B-DPO,9,Bruce,critical,inference_derivation,he gets examined by the doctor at the medical practice,"he usually only sees the nurse, not the doctor","Bruce goes to his local medical practice every few years. Yesterday after leaving the practice he ran into his friend Sarah on the street, and they stopped to catch up. After they parted, Sarah walked on and soon saw Bruce's brother Drake on the street. She stopped to say Hi.
Sarah said to Drake: ""Bruce was just leaving the medical practice. He got examined by the doctor.""
Question: Based on this conversation, is it likely or unlikely that he usually only sees the nurse, not the doctor?
(A) Unlikely
(B) Likely
Answer with the letter only.
Answer:","{'A': 'unlikely', 'B': 'likely'}",unlikely,A,"{'option_a': ' A', 'score_a': -14.375, 'option_b': ' B', 'score_b': -16.125}",True,,0
dpo,allenai/OLMo-2-1124-7B-DPO,9,Bruce,resolved,script_knowledge,he gets examined by the doctor at the medical practice,"he usually only sees the nurse, not the doctor","Bruce goes to his local medical practice every few years, but usually only sees the nurse.
Question: Based on this, is it likely or unlikely that he gets examined by the doctor at the medical practice?
(A) Unlikely
(B) Likely
Answer with the letter only.
Answer:","{'A': 'unlikely', 'B': 'likely'}",likely,B,"{'option_a': ' A', 'score_a': -13.4375, 'option_b': ' B', 'score_b': -13.125}",True,,1
dpo,allenai/OLMo-2-1124-7B-DPO,9,Bruce,resolved,inference_derivation,he gets examined by the doctor at the medical practice,"he usually only sees the nurse, not the doctor","Bruce goes to his local medical practice every few years, but usually only sees the nurse. Yesterday after leaving the practice he ran into his friend Sarah on the street, and they stopped to catch up. After they parted, Sarah walked on and soon saw Bruce's brother Drake on the street. She stopped to say Hi.
Sarah said to Drake: ""Bruce was just leaving the medical practice. He got examined by the doctor.""
Question: Based on this conversation, is it likely or unlikely that he usually only sees the nurse, not the doctor?
(A) Unlikely
(B) Likely
Answer with the letter only.
Answer:","{'A': 'unlikely', 'B': 'likely'}",likely,B,"{'option_a': ' A', 'score_a': -14.375, 'option_b': ' B', 'score_b': -14.0}",True,,1
dpo,allenai/OLMo-2-1124-7B-DPO,9,Bruce,baseline_ordinary,script_knowledge,he gets examined by the doctor at the medical practice,"he usually only sees the nurse, not the doctor","Bruce goes to his local medical practice every few years.
Question: Based on this, is it likely or unlikely that he gets examined by the doctor at the medical practice?
(A) Likely
(B) Unlikely
Answer with the letter only.
Answer:","{'A': 'likely', 'B': 'unlikely'}",likely,A,"{'option_a': ' A', 'score_a': -13.25, 'option_b': ' B', 'score_b': -20.0}",True,,1
dpo,allenai/OLMo-2-1124-7B-DPO,9,Bruce,baseline_ordinary,inference_derivation,he gets examined by the doctor at the medical practice,"he usually only sees the nurse, not the doctor","Bruce goes to his local medical practice every few years. Yesterday after leaving the practice he ran into his friend Sarah on the street, and they stopped to catch up. After they parted, Sarah walked on and soon saw Bruce's brother Drake on the street. She stopped to say Hi.
Sarah said to Drake: ""Bruce was just leaving the medical practice. He was wearing a heart rate monitor.""
Question: Based on this conversation, is it likely or unlikely that he usually only sees the nurse, not the doctor?
(A) Unlikely
(B) Likely
Answer with the letter only.
Answer:","{'A': 'unlikely', 'B': 'likely'}",unlikely,A,"{'option_a': ' A', 'score_a': -15.1875, 'option_b': ' B', 'score_b': -17.25}",True,,0
dpo,allenai/OLMo-2-1124-7B-DPO,9,Bruce,baseline_wonky,script_knowledge,he gets examined by the doctor at the medical practice,"he usually only sees the nurse, not the doctor","Bruce goes to his local medical practice every few years, but usually only sees the nurse.
Question: Based on this, is it likely or unlikely that he gets examined by the doctor at the medical practice?
(A) Likely
(B) Unlikely
Answer with the letter only.
Answer:","{'A': 'likely', 'B': 'unlikely'}",unlikely,B,"{'option_a': ' A', 'score_a': -14.5625, 'option_b': ' B', 'score_b': -13.125}",True,,0
dpo,allenai/OLMo-2-1124-7B-DPO,9,Bruce,baseline_wonky,inference_derivation,he gets examined by the doctor at the medical practice,"he usually only sees the nurse, not the doctor","Bruce goes to his local medical practice every few years, but usually only sees the nurse. Yesterday after leaving the practice he ran into his friend Sarah on the street, and they stopped to catch up. After they parted, Sarah walked on and soon saw Bruce's brother Drake on the street. She stopped to say Hi.
Sarah said to Drake: ""Bruce was just leaving the medical practice. He was wearing a heart rate monitor.""
Question: Based on this conversation, is it likely or unlikely that he usually only sees the nurse, not the doctor?
(A) Unlikely
(B) Likely
Answer with the letter only.
Answer:","{'A': 'unlikely', 'B': 'likely'}",likely,B,"{'option_a': ' A', 'score_a': -14.5, 'option_b': ' B', 'score_b': -14.3125}",True,,1
dpo,allenai/OLMo-2-1124-7B-DPO,10,Olivia,critical,script_knowledge,she uses shampoo to wash her hair,"she uses a cleansing conditioner only, not shampoo","Olivia has beautiful hair, and pays a lot of attention to it.
Question: Based on this, is it likely or unlikely that she uses shampoo to wash her hair?
(A) Unlikely
(B) Likely
Answer with the letter only.
Answer:","{'A': 'unlikely', 'B': 'likely'}",likely,B,"{'option_a': ' A', 'score_a': -23.25, 'option_b': ' B', 'score_b': -14.0625}",True,,1
dpo,allenai/OLMo-2-1124-7B-DPO,10,Olivia,critical,inference_derivation,she uses shampoo to wash her hair,"she uses a cleansing conditioner only, not shampoo","Olivia has beautiful hair, and pays a lot of attention to it. Today, when she was leaving the bathroom after showering, she ran into her roommate and best friend Thomas. She talked to him briefly about her hair, as she tends to do. Later that day, when their housemate Jill came home, she and Thomas started talking about Olivia.
Thomas said to Jill: ""Olivia was talking to me about washing her hair. She used shampoo.""
Question: Based on this conversation, is it likely or unlikely that she uses a cleansing conditioner only, not shampoo?
(A) Likely
(B) Unlikely
Answer with the letter only.
Answer:","{'A': 'likely', 'B': 'unlikely'}",unlikely,B,"{'option_a': ' A', 'score_a': -22.0, 'option_b': ' B', 'score_b': -14.375}",True,,0
dpo,allenai/OLMo-2-1124-7B-DPO,10,Olivia,resolved,script_knowledge,she uses shampoo to wash her hair,"she uses a cleansing conditioner only, not shampoo","Olivia has beautiful hair, although she uses a cleansing conditioner only.
Question: Based on this, is it likely or unlikely that she uses shampoo to wash her hair?
(A) Unlikely
(B) Likely
Answer with the letter only.
Answer:","{'A': 'unlikely', 'B': 'likely'}",unlikely,A,"{'option_a': ' A', 'score_a': -12.625, 'option_b': ' B', 'score_b': -13.5}",True,,0
dpo,allenai/OLMo-2-1124-7B-DPO,10,Olivia,resolved,inference_derivation,she uses shampoo to wash her hair,"she uses a cleansing conditioner only, not shampoo","Olivia has beautiful hair, although she uses a cleansing conditioner only. Today, when she was leaving the bathroom after showering, she ran into her roommate and best friend Thomas. She talked to him briefly about her hair, as she tends to do. Later that day, when their housemate Jill came home, she and Thomas started talking about Olivia.
Thomas said to Jill: ""Olivia was talking to me about washing her hair. She used shampoo.""
Question: Based on this conversation, is it likely or unlikely that she uses a cleansing conditioner only, not shampoo?
(A) Unlikely
(B) Likely
Answer with the letter only.
Answer:","{'A': 'unlikely', 'B': 'likely'}",likely,B,"{'option_a': ' A', 'score_a': -16.0, 'option_b': ' B', 'score_b': -12.8125}",True,,1
dpo,allenai/OLMo-2-1124-7B-DPO,10,Olivia,baseline_ordinary,script_knowledge,she uses shampoo to wash her hair,"she uses a cleansing conditioner only, not shampoo","Olivia has beautiful hair, and pays a lot of attention to it.
Question: Based on this, is it likely or unlikely that she uses shampoo to wash her hair?
(A) Unlikely
(B) Likely
Answer with the letter only.
Answer:","{'A': 'unlikely', 'B': 'likely'}",likely,B,"{'option_a': ' A', 'score_a': -23.25, 'option_b': ' B', 'score_b': -14.0625}",True,,1
dpo,allenai/OLMo-2-1124-7B-DPO,10,Olivia,baseline_ordinary,inference_derivation,she uses shampoo to wash her hair,"she uses a cleansing conditioner only, not shampoo","Olivia has beautiful hair, and pays a lot of attention to it. Today, when she was leaving the bathroom after showering, she ran into her roommate and best friend Thomas. She talked to him briefly about her hair, as she tends to do. Later that day, when their housemate Jill came home, she and Thomas started talking about Olivia.
Thomas said to Jill: ""Olivia was talking to me about washing her hair. She found some split ends.""
Question: Based on this conversation, is it likely or unlikely that she uses a cleansing conditioner only, not shampoo?
(A) Unlikely
(B) Likely
Answer with the letter only.
Answer:","{'A': 'unlikely', 'B': 'likely'}",unlikely,A,"{'option_a': ' A', 'score_a': -15.125, 'option_b': ' B', 'score_b': -15.75}",True,,0
dpo,allenai/OLMo-2-1124-7B-DPO,10,Olivia,baseline_wonky,script_knowledge,she uses shampoo to wash her hair,"she uses a cleansing conditioner only, not shampoo","Olivia has beautiful hair, although she uses a cleansing conditioner only.
Question: Based on this, is it likely or unlikely that she uses shampoo to wash her hair?
(A) Likely
(B) Unlikely
Answer with the letter only.
Answer:","{'A': 'likely', 'B': 'unlikely'}",unlikely,B,"{'option_a': ' A', 'score_a': -16.375, 'option_b': ' B', 'score_b': -12.375}",True,,0
dpo,allenai/OLMo-2-1124-7B-DPO,10,Olivia,baseline_wonky,inference_derivation,she uses shampoo to wash her hair,"she uses a cleansing conditioner only, not shampoo","Olivia has beautiful hair, although she uses a cleansing conditioner only. Today, when she was leaving the bathroom after showering, she ran into her roommate and best friend Thomas. She talked to him briefly about her hair, as she tends to do. Later that day, when their housemate Jill came home, she and Thomas started talking about Olivia.
Thomas said to Jill: ""Olivia was talking to me about washing her hair. She found some split ends.""
Question: Based on this conversation, is it likely or unlikely that she uses a cleansing conditioner only, not shampoo?
(A) Unlikely
(B) Likely
Answer with the letter only.
Answer:","{'A': 'unlikely', 'B': 'likely'}",likely,B,"{'option_a': ' A', 'score_a': -17.5, 'option_b': ' B', 'score_b': -14.1875}",True,,1
dpo,allenai/OLMo-2-1124-7B-DPO,11,Jared,critical,script_knowledge,he actually jumps out of the plane during skydiving courses,he is still terrified of heights,"Jared takes skydiving courses at the local airfield, when he has free time.
Question: Based on this, is it likely or unlikely that he actually jumps out of the plane during skydiving courses?
(A) Likely
(B) Unlikely
Answer with the letter only.
Answer:","{'A': 'likely', 'B': 'unlikely'}",likely,A,"{'option_a': ' A', 'score_a': -13.0625, 'option_b': ' B', 'score_b': -18.625}",True,,1
dpo,allenai/OLMo-2-1124-7B-DPO,11,Jared,critical,inference_derivation,he actually jumps out of the plane during skydiving courses,he is still terrified of heights,"Jared takes skydiving courses at the local airfield, when he has free time. Last week he was at the skydiving center, with his friend Stella in the same group as him. They spent the day together, and when Stella went home in the evening, she texted Jared's brother Don, who was also a good friend of hers.
Stella said to Don: ""Jared was in the skydiving course today. He jumped out of the plane.""
Question: Based on this conversation, is it likely or unlikely that he is still terrified of heights?
(A) Likely
(B) Unlikely
Answer with the letter only.
Answer:","{'A': 'likely', 'B': 'unlikely'}",likely,A,"{'option_a': ' A', 'score_a': -14.5625, 'option_b': ' B', 'score_b': -15.1875}",True,,1
dpo,allenai/OLMo-2-1124-7B-DPO,11,Jared,resolved,script_knowledge,he actually jumps out of the plane during skydiving courses,he is still terrified of heights,"Jared takes skydiving courses at the local airfield, although he is still terrified of heights.
Question: Based on this, is it likely or unlikely that he actually jumps out of the plane during skydiving courses?
(A) Unlikely
(B) Likely
Answer with the letter only.
Answer:","{'A': 'unlikely', 'B': 'likely'}",unlikely,A,"{'option_a': ' A', 'score_a': -11.875, 'option_b': ' B', 'score_b': -12.0625}",True,,0
dpo,allenai/OLMo-2-1124-7B-DPO,11,Jared,resolved,inference_derivation,he actually jumps out of the plane during skydiving courses,he is still terrified of heights,"Jared takes skydiving courses at the local airfield, although he is still terrified of heights. Last week he was at the skydiving center, with his friend Stella in the same group as him. They spent the day together, and when Stella went home in the evening, she texted Jared's brother Don, who was also a good friend of hers.
Stella said to Don: ""Jared was in the skydiving course today. He jumped out of the plane.""
Question: Based on this conversation, is it likely or unlikely that he is still terrified of heights?
(A) Likely
(B) Unlikely
Answer with the letter only.
Answer:","{'A': 'likely', 'B': 'unlikely'}",likely,A,"{'option_a': ' A', 'score_a': -14.5, 'option_b': ' B', 'score_b': -17.5}",True,,1
dpo,allenai/OLMo-2-1124-7B-DPO,11,Jared,baseline_ordinary,script_knowledge,he actually jumps out of the plane during skydiving courses,he is still terrified of heights,"Jared takes skydiving courses at the local airfield, when he has free time.
Question: Based on this, is it likely or unlikely that he actually jumps out of the plane during skydiving courses?
(A) Unlikely
(B) Likely
Answer with the letter only.
Answer:","{'A': 'unlikely', 'B': 'likely'}",likely,B,"{'option_a': ' A', 'score_a': -19.625, 'option_b': ' B', 'score_b': -12.625}",True,,1
dpo,allenai/OLMo-2-1124-7B-DPO,11,Jared,baseline_ordinary,inference_derivation,he actually jumps out of the plane during skydiving courses,he is still terrified of heights,"Jared takes skydiving courses at the local airfield, when he has free time. Last week he was at the skydiving center, with his friend Stella in the same group as him. They spent the day together, and when Stella went home in the evening, she texted Jared's brother Don, who was also a good friend of hers.
Stella said to Don: ""Jared was in the skydiving course today. He was the first to jump.""
Question: Based on this conversation, is it likely or unlikely that he is still terrified of heights?
(A) Unlikely
(B) Likely
Answer with the letter only.
Answer:","{'A': 'unlikely', 'B': 'likely'}",unlikely,A,"{'option_a': ' A', 'score_a': -13.9375, 'option_b': ' B', 'score_b': -14.8125}",True,,0
dpo,allenai/OLMo-2-1124-7B-DPO,11,Jared,baseline_wonky,script_knowledge,he actually jumps out of the plane during skydiving courses,he is still terrified of heights,"Jared takes skydiving courses at the local airfield, although he is still terrified of heights.
Question: Based on this, is it likely or unlikely that he actually jumps out of the plane during skydiving courses?
(A) Unlikely
(B) Likely
Answer with the letter only.
Answer:","{'A': 'unlikely', 'B': 'likely'}",unlikely,A,"{'option_a': ' A', 'score_a': -11.875, 'option_b': ' B', 'score_b': -12.0625}",True,,0
dpo,allenai/OLMo-2-1124-7B-DPO,11,Jared,baseline_wonky,inference_derivation,he actually jumps out of the plane during skydiving courses,he is still terrified of heights,"Jared takes skydiving courses at the local airfield, although he is still terrified of heights. Last week he was at the skydiving center, with his friend Stella in the same group as him. They spent the day together, and when Stella went home in the evening, she texted Jared's brother Don, who was also a good friend of hers.
Stella said to Don: ""Jared was in the skydiving course today. He was the first to jump.""
Question: Based on this conversation, is it likely or unlikely that he is still terrified of heights?
(A) Likely
(B) Unlikely
Answer with the letter only.
Answer:","{'A': 'likely', 'B': 'unlikely'}",likely,A,"{'option_a': ' A', 'score_a': -13.8125, 'option_b': ' B', 'score_b': -16.625}",True,,1
dpo,allenai/OLMo-2-1124-7B-DPO,12,Amy,critical,script_knowledge,she mails the letters she writes,she keeps her letters rather than mailing them,"Amy enjoys writing letters to people she is close to, especially around holidays.
Question: Based on this, is it likely or unlikely that she mails the letters she writes?
(A) Unlikely
(B) Likely
Answer with the letter only.
Answer:","{'A': 'unlikely', 'B': 'likely'}",likely,B,"{'option_a': ' A', 'score_a': -23.625, 'option_b': ' B', 'score_b': -14.25}",True,,1
dpo,allenai/OLMo-2-1124-7B-DPO,12,Amy,critical,inference_derivation,she mails the letters she writes,she keeps her letters rather than mailing them,"Amy enjoys writing letters to people she is close to, especially around holidays. About two days ago, she wrote a letter to her cousin Michelle, and today she talked about it with her brother Steve. In the evening, Steve got a call from Michelle, and they started talking about family.
Steve said to Michelle: ""Amy wrote you a letter. She mailed it.""
Question: Based on this conversation, is it likely or unlikely that she keeps her letters rather than mailing them?
(A) Unlikely
(B) Likely
Answer with the letter only.
Answer:","{'A': 'unlikely', 'B': 'likely'}",likely,B,"{'option_a': ' A', 'score_a': -14.0, 'option_b': ' B', 'score_b': -13.625}",True,,1
dpo,allenai/OLMo-2-1124-7B-DPO,12,Amy,resolved,script_knowledge,she mails the letters she writes,she keeps her letters rather than mailing them,"Amy enjoys writing letters to people she is close to, but prefers to keep them to herself rather than mailing them.
Question: Based on this, is it likely or unlikely that she mails the letters she writes?
(A) Likely
(B) Unlikely
Answer with the letter only.
Answer:","{'A': 'likely', 'B': 'unlikely'}",unlikely,B,"{'option_a': ' A', 'score_a': -23.875, 'option_b': ' B', 'score_b': -12.6875}",True,,0
dpo,allenai/OLMo-2-1124-7B-DPO,12,Amy,resolved,inference_derivation,she mails the letters she writes,she keeps her letters rather than mailing them,"Amy enjoys writing letters to people she is close to, but prefers to keep them to herself rather than mailing them. About two days ago, she wrote a letter to her cousin Michelle, and today she talked about it with her brother Steve. In the evening, Steve got a call from Michelle, and they started talking about family.
Steve said to Michelle: ""Amy wrote you a letter. She mailed it.""
Question: Based on this conversation, is it likely or unlikely that she keeps her letters rather than mailing them?
(A) Unlikely
(B) Likely
Answer with the letter only.
Answer:","{'A': 'unlikely', 'B': 'likely'}",likely,B,"{'option_a': ' A', 'score_a': -14.0, 'option_b': ' B', 'score_b': -12.75}",True,,1
dpo,allenai/OLMo-2-1124-7B-DPO,12,Amy,baseline_ordinary,script_knowledge,she mails the letters she writes,she keeps her letters rather than mailing them,"Amy enjoys writing letters to people she is close to, especially around holidays.
Question: Based on this, is it likely or unlikely that she mails the letters she writes?
(A) Likely
(B) Unlikely
Answer with the letter only.
Answer:","{'A': 'likely', 'B': 'unlikely'}",likely,A,"{'option_a': ' A', 'score_a': -14.0625, 'option_b': ' B', 'score_b': -20.375}",True,,1
dpo,allenai/OLMo-2-1124-7B-DPO,12,Amy,baseline_ordinary,inference_derivation,she mails the letters she writes,she keeps her letters rather than mailing them,"Amy enjoys writing letters to people she is close to, especially around holidays. About two days ago, she wrote a letter to her cousin Michelle, and today she talked about it with her brother Steve. In the evening, Steve got a call from Michelle, and they started talking about family.
Steve said to Michelle: ""Amy wrote you a letter. She used really expensive stationery.""
Question: Based on this conversation, is it likely or unlikely that she keeps her letters rather than mailing them?
(A) Likely
(B) Unlikely
Answer with the letter only.
Answer:","{'A': 'likely', 'B': 'unlikely'}",unlikely,B,"{'option_a': ' A', 'score_a': -14.625, 'option_b': ' B', 'score_b': -14.375}",True,,0
dpo,allenai/OLMo-2-1124-7B-DPO,12,Amy,baseline_wonky,script_knowledge,she mails the letters she writes,she keeps her letters rather than mailing them,"Amy enjoys writing letters to people she is close to, but prefers to keep them to herself rather than mailing them.
Question: Based on this, is it likely or unlikely that she mails the letters she writes?
(A) Unlikely
(B) Likely
Answer with the letter only.
Answer:","{'A': 'unlikely', 'B': 'likely'}",unlikely,A,"{'option_a': ' A', 'score_a': -13.625, 'option_b': ' B', 'score_b': -18.625}",True,,0
dpo,allenai/OLMo-2-1124-7B-DPO,12,Amy,baseline_wonky,inference_derivation,she mails the letters she writes,she keeps her letters rather than mailing them,"Amy enjoys writing letters to people she is close to, but prefers to keep them to herself rather than mailing them. About two days ago, she wrote a letter to her cousin Michelle, and today she talked about it with her brother Steve. In the evening, Steve got a call from Michelle, and they started talking about family.
Steve said to Michelle: ""Amy wrote you a letter. She used really expensive stationery.""
Question: Based on this conversation, is it likely or unlikely that she keeps her letters rather than mailing them?
(A) Likely
(B) Unlikely
Answer with the letter only.
Answer:","{'A': 'likely', 'B': 'unlikely'}",likely,A,"{'option_a': ' A', 'score_a': -13.5625, 'option_b': ' B', 'score_b': -17.0}",True,,1
dpo,allenai/OLMo-2-1124-7B-DPO,13,Adam,critical,script_knowledge,he walks to the bus stop,he bikes to the bus stop rather than walking,"Adam usually takes the bus to work, as the stop is a few blocks from his house.
Question: Based on this, is it likely or unlikely that he walks to the bus stop?
(A) Unlikely
(B) Likely
Answer with the letter only.
Answer:","{'A': 'unlikely', 'B': 'likely'}",likely,B,"{'option_a': ' A', 'score_a': -13.3125, 'option_b': ' B', 'score_b': -13.125}",True,,1
dpo,allenai/OLMo-2-1124-7B-DPO,13,Adam,critical,inference_derivation,he walks to the bus stop,he bikes to the bus stop rather than walking,"Adam usually takes the bus to work, as the stop is a few blocks from his house. Last week, after he got off the bus, he ran into Virginia, his ex-girlfriend. They stopped for a little while to catch up.
Adam said to Virginia: ""I took the bus this morning. I walked to the bus stop.""
Question: Based on this conversation, is it likely or unlikely that he bikes to the bus stop rather than walking?
(A) Unlikely
(B) Likely
Answer with the letter only.
Answer:","{'A': 'unlikely', 'B': 'likely'}",likely,B,"{'option_a': ' A', 'score_a': -14.75, 'option_b': ' B', 'score_b': -12.8125}",True,,1
dpo,allenai/OLMo-2-1124-7B-DPO,13,Adam,resolved,script_knowledge,he walks to the bus stop,he bikes to the bus stop rather than walking,"Adam usually takes the bus to work, but bikes to the stop although it's only a few blocks from his house.
Question: Based on this, is it likely or unlikely that he walks to the bus stop?
(A) Unlikely
(B) Likely
Answer with the letter only.
Answer:","{'A': 'unlikely', 'B': 'likely'}",likely,B,"{'option_a': ' A', 'score_a': -13.8125, 'option_b': ' B', 'score_b': -13.6875}",True,,1
dpo,allenai/OLMo-2-1124-7B-DPO,13,Adam,resolved,inference_derivation,he walks to the bus stop,he bikes to the bus stop rather than walking,"Adam usually takes the bus to work, but bikes to the stop although it's only a few blocks from his house. Last week, after he got off the bus, he ran into Virginia, his ex-girlfriend. They stopped for a little while to catch up.
Adam said to Virginia: ""I took the bus this morning. I walked to the bus stop.""
Question: Based on this conversation, is it likely or unlikely that he bikes to the bus stop rather than walking?
(A) Likely
(B) Unlikely
Answer with the letter only.
Answer:","{'A': 'likely', 'B': 'unlikely'}",unlikely,B,"{'option_a': ' A', 'score_a': -17.5, 'option_b': ' B', 'score_b': -13.9375}",True,,0
dpo,allenai/OLMo-2-1124-7B-DPO,13,Adam,baseline_ordinary,script_knowledge,he walks to the bus stop,he bikes to the bus stop rather than walking,"Adam usually takes the bus to work, as the stop is a few blocks from his house.
Question: Based on this, is it likely or unlikely that he walks to the bus stop?
(A) Unlikely
(B) Likely
Answer with the letter only.
Answer:","{'A': 'unlikely', 'B': 'likely'}",likely,B,"{'option_a': ' A', 'score_a': -13.3125, 'option_b': ' B', 'score_b': -13.125}",True,,1
dpo,allenai/OLMo-2-1124-7B-DPO,13,Adam,baseline_ordinary,inference_derivation,he walks to the bus stop,he bikes to the bus stop rather than walking,"Adam usually takes the bus to work, as the stop is a few blocks from his house. Last week, after he got off the bus, he ran into Virginia, his ex-girlfriend. They stopped for a little while to catch up.
Adam said to Virginia: ""I took the bus this morning. I barely had room to stand.""
Question: Based on this conversation, is it likely or unlikely that he bikes to the bus stop rather than walking?
(A) Likely
(B) Unlikely
Answer with the letter only.
Answer:","{'A': 'likely', 'B': 'unlikely'}",unlikely,B,"{'option_a': ' A', 'score_a': -15.125, 'option_b': ' B', 'score_b': -13.1875}",True,,0
dpo,allenai/OLMo-2-1124-7B-DPO,13,Adam,baseline_wonky,script_knowledge,he walks to the bus stop,he bikes to the bus stop rather than walking,"Adam usually takes the bus to work, but bikes to the stop although it's only a few blocks from his house.
Question: Based on this, is it likely or unlikely that he walks to the bus stop?
(A) Likely
(B) Unlikely
Answer with the letter only.
Answer:","{'A': 'likely', 'B': 'unlikely'}",unlikely,B,"{'option_a': ' A', 'score_a': -14.6875, 'option_b': ' B', 'score_b': -13.0625}",True,,0
dpo,allenai/OLMo-2-1124-7B-DPO,13,Adam,baseline_wonky,inference_derivation,he walks to the bus stop,he bikes to the bus stop rather than walking,"Adam usually takes the bus to work, but bikes to the stop although it's only a few blocks from his house. Last week, after he got off the bus, he ran into Virginia, his ex-girlfriend. They stopped for a little while to catch up.
Adam said to Virginia: ""I took the bus this morning. I barely had room to stand.""
Question: Based on this conversation, is it likely or unlikely that he bikes to the bus stop rather than walking?
(A) Likely
(B) Unlikely
Answer with the letter only.
Answer:","{'A': 'likely', 'B': 'unlikely'}",unlikely,B,"{'option_a': ' A', 'score_a': -14.1875, 'option_b': ' B', 'score_b': -13.3125}",True,,0
dpo,allenai/OLMo-2-1124-7B-DPO,14,Esther,critical,script_knowledge,she tries on clothes when shopping with friends,she finds clothes shopping boring and doesn't try anything on,"Esther often goes along with her friends when they go clothes shopping, as it's something she also enjoys.
Question: Based on this, is it likely or unlikely that she tries on clothes when shopping with friends?
(A) Likely
(B) Unlikely
Answer with the letter only.
Answer:","{'A': 'likely', 'B': 'unlikely'}",likely,A,"{'option_a': ' A', 'score_a': -12.9375, 'option_b': ' B', 'score_b': -20.625}",True,,1
dpo,allenai/OLMo-2-1124-7B-DPO,14,Esther,critical,inference_derivation,she tries on clothes when shopping with friends,she finds clothes shopping boring and doesn't try anything on,"Esther often goes along with her friends when they go clothes shopping, as it's something she also enjoys. Today, when she was walking out of a mall after spending time with her friends, she ran into George, another old friend of hers. They decided to catch up while walking to the bus stop.
Esther said to George: ""I was out clothes shopping. I tried something on.""
Question: Based on this conversation, is it likely or unlikely that she finds clothes shopping boring and doesn't try anything on?
(A) Unlikely
(B) Likely
Answer with the letter only.
Answer:","{'A': 'unlikely', 'B': 'likely'}",unlikely,A,"{'option_a': ' A', 'score_a': -13.6875, 'option_b': ' B', 'score_b': -18.875}",True,,0
dpo,allenai/OLMo-2-1124-7B-DPO,14,Esther,resolved,script_knowledge,she tries on clothes when shopping with friends,she finds clothes shopping boring and doesn't try anything on,"Esther often goes along with her friends when they go clothes shopping, although it bores her, and she just reads as they browse.
Question: Based on this, is it likely or unlikely that she tries on clothes when shopping with friends?
(A) Likely
(B) Unlikely
Answer with the letter only.
Answer:","{'A': 'likely', 'B': 'unlikely'}",unlikely,B,"{'option_a': ' A', 'score_a': -14.75, 'option_b': ' B', 'score_b': -12.0625}",True,,0
dpo,allenai/OLMo-2-1124-7B-DPO,14,Esther,resolved,inference_derivation,she tries on clothes when shopping with friends,she finds clothes shopping boring and doesn't try anything on,"Esther often goes along with her friends when they go clothes shopping, although it bores her, and she just reads as they browse. Today, when she was walking out of a mall after spending time with her friends, she ran into George, another old friend of hers. They decided to catch up while walking to the bus stop.
Esther said to George: ""I was out clothes shopping. I tried something on.""
Question: Based on this conversation, is it likely or unlikely that she finds clothes shopping boring and doesn't try anything on?
(A) Unlikely
(B) Likely
Answer with the letter only.
Answer:","{'A': 'unlikely', 'B': 'likely'}",likely,B,"{'option_a': ' A', 'score_a': -17.625, 'option_b': ' B', 'score_b': -13.1875}",True,,1
dpo,allenai/OLMo-2-1124-7B-DPO,14,Esther,baseline_ordinary,script_knowledge,she tries on clothes when shopping with friends,she finds clothes shopping boring and doesn't try anything on,"Esther often goes along with her friends when they go clothes shopping, as it's something she also enjoys.
Question: Based on this, is it likely or unlikely that she tries on clothes when shopping with friends?
(A) Likely
(B) Unlikely
Answer with the letter only.
Answer:","{'A': 'likely', 'B': 'unlikely'}",likely,A,"{'option_a': ' A', 'score_a': -12.9375, 'option_b': ' B', 'score_b': -20.625}",True,,1
dpo,allenai/OLMo-2-1124-7B-DPO,14,Esther,baseline_ordinary,inference_derivation,she tries on clothes when shopping with friends,she finds clothes shopping boring and doesn't try anything on,"Esther often goes along with her friends when they go clothes shopping, as it's something she also enjoys. Today, when she was walking out of a mall after spending time with her friends, she ran into George, another old friend of hers. They decided to catch up while walking to the bus stop.
Esther said to George: ""I was out clothes shopping. I came across a big sale.""
Question: Based on this conversation, is it likely or unlikely that she finds clothes shopping boring and doesn't try anything on?
(A) Likely
(B) Unlikely
Answer with the letter only.
Answer:","{'A': 'likely', 'B': 'unlikely'}",unlikely,B,"{'option_a': ' A', 'score_a': -18.875, 'option_b': ' B', 'score_b': -12.75}",True,,0
dpo,allenai/OLMo-2-1124-7B-DPO,14,Esther,baseline_wonky,script_knowledge,she tries on clothes when shopping with friends,she finds clothes shopping boring and doesn't try anything on,"Esther often goes along with her friends when they go clothes shopping, although it bores her, and she just reads as they browse.
Question: Based on this, is it likely or unlikely that she tries on clothes when shopping with friends?
(A) Unlikely
(B) Likely
Answer with the letter only.
Answer:","{'A': 'unlikely', 'B': 'likely'}",unlikely,A,"{'option_a': ' A', 'score_a': -13.1875, 'option_b': ' B', 'score_b': -14.875}",True,,0
dpo,allenai/OLMo-2-1124-7B-DPO,14,Esther,baseline_wonky,inference_derivation,she tries on clothes when shopping with friends,she finds clothes shopping boring and doesn't try anything on,"Esther often goes along with her friends when they go clothes shopping, although it bores her, and she just reads as they browse. Today, when she was walking out of a mall after spending time with her friends, she ran into George, another old friend of hers. They decided to catch up while walking to the bus stop.
Esther said to George: ""I was out clothes shopping. I came across a big sale.""
Question: Based on this conversation, is it likely or unlikely that she finds clothes shopping boring and doesn't try anything on?
(A) Unlikely
(B) Likely
Answer with the letter only.
Answer:","{'A': 'unlikely', 'B': 'likely'}",likely,B,"{'option_a': ' A', 'score_a': -16.25, 'option_b': ' B', 'score_b': -13.4375}",True,,1
dpo,allenai/OLMo-2-1124-7B-DPO,15,Nick,critical,script_knowledge,he boils pasta in water,he prefers pasta that doesn't need to be pre-boiled,"Nick enjoys making pasta dishes for his roommates, as it's an easy way to contribute to the household.
Question: Based on this, is it likely or unlikely that he boils pasta in water?
(A) Unlikely
(B) Likely
Answer with the letter only.
Answer:","{'A': 'unlikely', 'B': 'likely'}",likely,B,"{'option_a': ' A', 'score_a': -21.625, 'option_b': ' B', 'score_b': -13.9375}",True,,1
dpo,allenai/OLMo-2-1124-7B-DPO,15,Nick,critical,inference_derivation,he boils pasta in water,he prefers pasta that doesn't need to be pre-boiled,"Nick enjoys making pasta dishes for his roommates, as it's an easy way to contribute to the household. Yesterday he was preparing pasta in the kitchen, to sit in the fridge until a party tomorrow. When he was done and cleaning up, his roommate Clara came into the kitchen, and they started talking about his dish.
Nick said to Clara: ""I made some pasta for the meal. I boiled it in water.""
Question: Based on this conversation, is it likely or unlikely that he prefers pasta that doesn't need to be pre-boiled?
(A) Likely
(B) Unlikely
Answer with the letter only.
Answer:","{'A': 'likely', 'B': 'unlikely'}",unlikely,B,"{'option_a': ' A', 'score_a': -15.6875, 'option_b': ' B', 'score_b': -13.5}",True,,0
dpo,allenai/OLMo-2-1124-7B-DPO,15,Nick,resolved,script_knowledge,he boils pasta in water,he prefers pasta that doesn't need to be pre-boiled,"Nick enjoys making pasta dishes for his roommates, but prefers to bake fresh pasta that doesn't need to be pre-boiled.
Question: Based on this, is it likely or unlikely that he boils pasta in water?
(A) Unlikely
(B) Likely
Answer with the letter only.
Answer:","{'A': 'unlikely', 'B': 'likely'}",unlikely,A,"{'option_a': ' A', 'score_a': -12.8125, 'option_b': ' B', 'score_b': -14.0}",True,,0
dpo,allenai/OLMo-2-1124-7B-DPO,15,Nick,resolved,inference_derivation,he boils pasta in water,he prefers pasta that doesn't need to be pre-boiled,"Nick enjoys making pasta dishes for his roommates, but prefers to bake fresh pasta that doesn't need to be pre-boiled. Yesterday he was preparing pasta in the kitchen, to sit in the fridge until a party tomorrow. When he was done and cleaning up, his roommate Clara came into the kitchen, and they started talking about his dish.
Nick said to Clara: ""I made some pasta for the meal. I boiled it in water.""
Question: Based on this conversation, is it likely or unlikely that he prefers pasta that doesn't need to be pre-boiled?
(A) Likely
(B) Unlikely
Answer with the letter only.
Answer:","{'A': 'likely', 'B': 'unlikely'}",unlikely,B,"{'option_a': ' A', 'score_a': -14.3125, 'option_b': ' B', 'score_b': -12.6875}",True,,0
dpo,allenai/OLMo-2-1124-7B-DPO,15,Nick,baseline_ordinary,script_knowledge,he boils pasta in water,he prefers pasta that doesn't need to be pre-boiled,"Nick enjoys making pasta dishes for his roommates, as it's an easy way to contribute to the household.
Question: Based on this, is it likely or unlikely that he boils pasta in water?
(A) Likely
(B) Unlikely
Answer with the letter only.
Answer:","{'A': 'likely', 'B': 'unlikely'}",likely,A,"{'option_a': ' A', 'score_a': -13.875, 'option_b': ' B', 'score_b': -21.375}",True,,1
dpo,allenai/OLMo-2-1124-7B-DPO,15,Nick,baseline_ordinary,inference_derivation,he boils pasta in water,he prefers pasta that doesn't need to be pre-boiled,"Nick enjoys making pasta dishes for his roommates, as it's an easy way to contribute to the household. Yesterday he was preparing pasta in the kitchen, to sit in the fridge until a party tomorrow. When he was done and cleaning up, his roommate Clara came into the kitchen, and they started talking about his dish.
Nick said to Clara: ""I made some pasta for the meal. I added some vegetables.""
Question: Based on this conversation, is it likely or unlikely that he prefers pasta that doesn't need to be pre-boiled?
(A) Unlikely
(B) Likely
Answer with the letter only.
Answer:","{'A': 'unlikely', 'B': 'likely'}",likely,B,"{'option_a': ' A', 'score_a': -14.875, 'option_b': ' B', 'score_b': -13.5625}",True,,1
dpo,allenai/OLMo-2-1124-7B-DPO,15,Nick,baseline_wonky,script_knowledge,he boils pasta in water,he prefers pasta that doesn't need to be pre-boiled,"Nick enjoys making pasta dishes for his roommates, but prefers to bake fresh pasta that doesn't need to be pre-boiled.
Question: Based on this, is it likely or unlikely that he boils pasta in water?
(A) Likely
(B) Unlikely
Answer with the letter only.
Answer:","{'A': 'likely', 'B': 'unlikely'}",unlikely,B,"{'option_a': ' A', 'score_a': -14.9375, 'option_b': ' B', 'score_b': -12.4375}",True,,0
dpo,allenai/OLMo-2-1124-7B-DPO,15,Nick,baseline_wonky,inference_derivation,he boils pasta in water,he prefers pasta that doesn't need to be pre-boiled,"Nick enjoys making pasta dishes for his roommates, but prefers to bake fresh pasta that doesn't need to be pre-boiled. Yesterday he was preparing pasta in the kitchen, to sit in the fridge until a party tomorrow. When he was done and cleaning up, his roommate Clara came into the kitchen, and they started talking about his dish.
Nick said to Clara: ""I made some pasta for the meal. I added some vegetables.""
Question: Based on this conversation, is it likely or unlikely that he prefers pasta that doesn't need to be pre-boiled?
(A) Unlikely
(B) Likely
Answer with the letter only.
Answer:","{'A': 'unlikely', 'B': 'likely'}",likely,B,"{'option_a': ' A', 'score_a': -18.875, 'option_b': ' B', 'score_b': -13.6875}",True,,1
dpo,allenai/OLMo-2-1124-7B-DPO,16,Grace,critical,script_knowledge,she preheats the oven when baking,she is terrible at following basic directions in recipes,"Grace enjoys baking, as it's a great way to make new friends.
Question: Based on this, is it likely or unlikely that she preheats the oven when baking?
(A) Unlikely
(B) Likely
Answer with the letter only.
Answer:","{'A': 'unlikely', 'B': 'likely'}",likely,B,"{'option_a': ' A', 'score_a': -22.375, 'option_b': ' B', 'score_b': -14.5625}",True,,1
dpo,allenai/OLMo-2-1124-7B-DPO,16,Grace,critical,inference_derivation,she preheats the oven when baking,she is terrible at following basic directions in recipes,"Grace enjoys baking, as it's a great way to make new friends. A few days ago she was baking a cake in her kitchen. After she had put it in the oven, her roommate Kyle came into the kitchen to make a salad for himself. They started chatting about food.
Grace said to Kyle: ""I'm baking a cake right now. I preheated the oven.""
Question: Based on this conversation, is it likely or unlikely that she is terrible at following basic directions in recipes?
(A) Unlikely
(B) Likely
Answer with the letter only.
Answer:","{'A': 'unlikely', 'B': 'likely'}",unlikely,A,"{'option_a': ' A', 'score_a': -14.25, 'option_b': ' B', 'score_b': -18.625}",True,,0
dpo,allenai/OLMo-2-1124-7B-DPO,16,Grace,resolved,script_knowledge,she preheats the oven when baking,she is terrible at following basic directions in recipes,"Grace enjoys baking, although she's terrible at following basic directions in recipes.
Question: Based on this, is it likely or unlikely that she preheats the oven when baking?
(A) Likely
(B) Unlikely
Answer with the letter only.
Answer:","{'A': 'likely', 'B': 'unlikely'}",unlikely,B,"{'option_a': ' A', 'score_a': -14.125, 'option_b': ' B', 'score_b': -13.375}",True,,0
dpo,allenai/OLMo-2-1124-7B-DPO,16,Grace,resolved,inference_derivation,she preheats the oven when baking,she is terrible at following basic directions in recipes,"Grace enjoys baking, although she's terrible at following basic directions in recipes. A few days ago she was baking a cake in her kitchen. After she had put it in the oven, her roommate Kyle came into the kitchen to make a salad for himself. They started chatting about food.
Grace said to Kyle: ""I'm baking a cake right now. I preheated the oven.""
Question: Based on this conversation, is it likely or unlikely that she is terrible at following basic directions in recipes?
(A) Unlikely
(B) Likely
Answer with the letter only.
Answer:","{'A': 'unlikely', 'B': 'likely'}",unlikely,A,"{'option_a': ' A', 'score_a': -12.875, 'option_b': ' B', 'score_b': -13.125}",True,,0
dpo,allenai/OLMo-2-1124-7B-DPO,16,Grace,baseline_ordinary,script_knowledge,she preheats the oven when baking,she is terrible at following basic directions in recipes,"Grace enjoys baking, as it's a great way to make new friends.
Question: Based on this, is it likely or unlikely that she preheats the oven when baking?
(A) Unlikely
(B) Likely
Answer with the letter only.
Answer:","{'A': 'unlikely', 'B': 'likely'}",likely,B,"{'option_a': ' A', 'score_a': -22.375, 'option_b': ' B', 'score_b': -14.5625}",True,,1
dpo,allenai/OLMo-2-1124-7B-DPO,16,Grace,baseline_ordinary,inference_derivation,she preheats the oven when baking,she is terrible at following basic directions in recipes,"Grace enjoys baking, as it's a great way to make new friends. A few days ago she was baking a cake in her kitchen. After she had put it in the oven, her roommate Kyle came into the kitchen to make a salad for himself. They started chatting about food.
Grace said to Kyle: ""I'm baking a cake right now. I added chocolate chips to the recipe.""
Question: Based on this conversation, is it likely or unlikely that she is terrible at following basic directions in recipes?
(A) Unlikely
(B) Likely
Answer with the letter only.
Answer:","{'A': 'unlikely', 'B': 'likely'}",unlikely,A,"{'option_a': ' A', 'score_a': -13.3125, 'option_b': ' B', 'score_b': -18.5}",True,,0
dpo,allenai/OLMo-2-1124-7B-DPO,16,Grace,baseline_wonky,script_knowledge,she preheats the oven when baking,she is terrible at following basic directions in recipes,"Grace enjoys baking, although she's terrible at following basic directions in recipes.
Question: Based on this, is it likely or unlikely that she preheats the oven when baking?
(A) Likely
(B) Unlikely
Answer with the letter only.
Answer:","{'A': 'likely', 'B': 'unlikely'}",unlikely,B,"{'option_a': ' A', 'score_a': -14.125, 'option_b': ' B', 'score_b': -13.375}",True,,0
dpo,allenai/OLMo-2-1124-7B-DPO,16,Grace,baseline_wonky,inference_derivation,she preheats the oven when baking,she is terrible at following basic directions in recipes,"Grace enjoys baking, although she's terrible at following basic directions in recipes. A few days ago she was baking a cake in her kitchen. After she had put it in the oven, her roommate Kyle came into the kitchen to make a salad for himself. They started chatting about food.
Grace said to Kyle: ""I'm baking a cake right now. I added chocolate chips to the recipe.""
Question: Based on this conversation, is it likely or unlikely that she is terrible at following basic directions in recipes?
(A) Unlikely
(B) Likely
Answer with the letter only.
Answer:","{'A': 'unlikely', 'B': 'likely'}",likely,B,"{'option_a': ' A', 'score_a': -15.5, 'option_b': ' B', 'score_b': -12.625}",True,,1
dpo,allenai/OLMo-2-1124-7B-DPO,17,Greg,critical,script_knowledge,he carries his phone on board rather than checking it in,he checks everything into the hold rather than carrying it on,"Greg frequently travels by air, to see family and attend conferences.
Question: Based on this, is it likely or unlikely that he carries his phone on board rather than checking it in?
(A) Unlikely
(B) Likely
Answer with the letter only.
Answer:","{'A': 'unlikely', 'B': 'likely'}",likely,B,"{'option_a': ' A', 'score_a': -21.875, 'option_b': ' B', 'score_b': -12.875}",True,,1
dpo,allenai/OLMo-2-1124-7B-DPO,17,Greg,critical,inference_derivation,he carries his phone on board rather than checking it in,he checks everything into the hold rather than carrying it on,"Greg frequently travels by air, to see family and attend conferences. Last week he flew to a conference, and met up with Helen, an old colleague he occasionally traveled with. They went to breakfast together, and started talking about their travel.
Greg said to Helen: ""I flew here. I took my cell phone on board with me.""
Question: Based on this conversation, is it likely or unlikely that he checks everything into the hold rather than carrying it on?
(A) Likely
(B) Unlikely
Answer with the letter only.
Answer:","{'A': 'likely', 'B': 'unlikely'}",unlikely,B,"{'option_a': ' A', 'score_a': -17.75, 'option_b': ' B', 'score_b': -14.0625}",True,,0
dpo,allenai/OLMo-2-1124-7B-DPO,17,Greg,resolved,script_knowledge,he carries his phone on board rather than checking it in,he checks everything into the hold rather than carrying it on,"Greg frequently travels by air, but hates carrying things around with him, and checks absolutely everything into the hold.
Question: Based on this, is it likely or unlikely that he carries his phone on board rather than checking it in?
(A) Likely
(B) Unlikely
Answer with the letter only.
Answer:","{'A': 'likely', 'B': 'unlikely'}",unlikely,B,"{'option_a': ' A', 'score_a': -15.0625, 'option_b': ' B', 'score_b': -11.0625}",True,,0
dpo,allenai/OLMo-2-1124-7B-DPO,17,Greg,resolved,inference_derivation,he carries his phone on board rather than checking it in,he checks everything into the hold rather than carrying it on,"Greg frequently travels by air, but hates carrying things around with him, and checks absolutely everything into the hold. Last week he flew to a conference, and met up with Helen, an old colleague he occasionally traveled with. They went to breakfast together, and started talking about their travel.
Greg said to Helen: ""I flew here. I took my cell phone on board with me.""
Question: Based on this conversation, is it likely or unlikely that he checks everything into the hold rather than carrying it on?
(A) Unlikely
(B) Likely
Answer with the letter only.
Answer:","{'A': 'unlikely', 'B': 'likely'}",likely,B,"{'option_a': ' A', 'score_a': -20.25, 'option_b': ' B', 'score_b': -14.1875}",True,,1
dpo,allenai/OLMo-2-1124-7B-DPO,17,Greg,baseline_ordinary,script_knowledge,he carries his phone on board rather than checking it in,he checks everything into the hold rather than carrying it on,"Greg frequently travels by air, to see family and attend conferences.
Question: Based on this, is it likely or unlikely that he carries his phone on board rather than checking it in?
(A) Unlikely
(B) Likely
Answer with the letter only.
Answer:","{'A': 'unlikely', 'B': 'likely'}",likely,B,"{'option_a': ' A', 'score_a': -21.875, 'option_b': ' B', 'score_b': -12.875}",True,,1
dpo,allenai/OLMo-2-1124-7B-DPO,17,Greg,baseline_ordinary,inference_derivation,he carries his phone on board rather than checking it in,he checks everything into the hold rather than carrying it on,"Greg frequently travels by air, to see family and attend conferences. Last week he flew to a conference, and met up with Helen, an old colleague he occasionally traveled with. They went to breakfast together, and started talking about their travel.
Greg said to Helen: ""I flew here. I got into business class.""
Question: Based on this conversation, is it likely or unlikely that he checks everything into the hold rather than carrying it on?
(A) Likely
(B) Unlikely
Answer with the letter only.
Answer:","{'A': 'likely', 'B': 'unlikely'}",unlikely,B,"{'option_a': ' A', 'score_a': -18.75, 'option_b': ' B', 'score_b': -13.75}",True,,0
dpo,allenai/OLMo-2-1124-7B-DPO,17,Greg,baseline_wonky,script_knowledge,he carries his phone on board rather than checking it in,he checks everything into the hold rather than carrying it on,"Greg frequently travels by air, but hates carrying things around with him, and checks absolutely everything into the hold.
Question: Based on this, is it likely or unlikely that he carries his phone on board rather than checking it in?
(A) Unlikely
(B) Likely
Answer with the letter only.
Answer:","{'A': 'unlikely', 'B': 'likely'}",likely,B,"{'option_a': ' A', 'score_a': -12.9375, 'option_b': ' B', 'score_b': -12.3125}",True,,1
dpo,allenai/OLMo-2-1124-7B-DPO,17,Greg,baseline_wonky,inference_derivation,he carries his phone on board rather than checking it in,he checks everything into the hold rather than carrying it on,"Greg frequently travels by air, but hates carrying things around with him, and checks absolutely everything into the hold. Last week he flew to a conference, and met up with Helen, an old colleague he occasionally traveled with. They went to breakfast together, and started talking about their travel.
Greg said to Helen: ""I flew here. I got into business class.""
Question: Based on this conversation, is it likely or unlikely that he checks everything into the hold rather than carrying it on?
(A) Likely
(B) Unlikely
Answer with the letter only.
Answer:","{'A': 'likely', 'B': 'unlikely'}",likely,A,"{'option_a': ' A', 'score_a': -13.0, 'option_b': ' B', 'score_b': -15.125}",True,,1
dpo,allenai/OLMo-2-1124-7B-DPO,18,Sandy,critical,script_knowledge,she uses scissors to cut her own hair,she uses a buzzer rather than scissors to cut her hair,"Sandy usually cuts her own hair, although she has no training.
Question: Based on this, is it likely or unlikely that she uses scissors to cut her own hair?
(A) Likely
(B) Unlikely
Answer with the letter only.
Answer:","{'A': 'likely', 'B': 'unlikely'}",likely,A,"{'option_a': ' A', 'score_a': -13.9375, 'option_b': ' B', 'score_b': -17.375}",True,,1
dpo,allenai/OLMo-2-1124-7B-DPO,18,Sandy,critical,inference_derivation,she uses scissors to cut her own hair,she uses a buzzer rather than scissors to cut her hair,"Sandy usually cuts her own hair, although she has no training. Two days ago, after she gave herself another haircut, she went for a walk along her street. She quickly ran into her ex, Patrick, and they stopped to catch up for a few minutes.
Sandy said to Patrick: ""I just cut my hair. I used scissors.""
Question: Based on this conversation, is it likely or unlikely that she uses a buzzer rather than scissors to cut her hair?
(A) Likely
(B) Unlikely
Answer with the letter only.
Answer:","{'A': 'likely', 'B': 'unlikely'}",unlikely,B,"{'option_a': ' A', 'score_a': -17.625, 'option_b': ' B', 'score_b': -12.8125}",True,,0
dpo,allenai/OLMo-2-1124-7B-DPO,18,Sandy,resolved,script_knowledge,she uses scissors to cut her own hair,she uses a buzzer rather than scissors to cut her hair,"Sandy usually cuts her own hair, simply by taking a buzzer to it.
Question: Based on this, is it likely or unlikely that she uses scissors to cut her own hair?
(A) Likely
(B) Unlikely
Answer with the letter only.
Answer:","{'A': 'likely', 'B': 'unlikely'}",unlikely,B,"{'option_a': ' A', 'score_a': -16.0, 'option_b': ' B', 'score_b': -12.25}",True,,0
dpo,allenai/OLMo-2-1124-7B-DPO,18,Sandy,resolved,inference_derivation,she uses scissors to cut her own hair,she uses a buzzer rather than scissors to cut her hair,"Sandy usually cuts her own hair, simply by taking a buzzer to it. Two days ago, after she gave herself another haircut, she went for a walk along her street. She quickly ran into her ex, Patrick, and they stopped to catch up for a few minutes.
Sandy said to Patrick: ""I just cut my hair. I used scissors.""
Question: Based on this conversation, is it likely or unlikely that she uses a buzzer rather than scissors to cut her hair?
(A) Likely
(B) Unlikely
Answer with the letter only.
Answer:","{'A': 'likely', 'B': 'unlikely'}",unlikely,B,"{'option_a': ' A', 'score_a': -14.375, 'option_b': ' B', 'score_b': -13.1875}",True,,0
dpo,allenai/OLMo-2-1124-7B-DPO,18,Sandy,baseline_ordinary,script_knowledge,she uses scissors to cut her own hair,she uses a buzzer rather than scissors to cut her hair,"Sandy usually cuts her own hair, although she has no training.
Question: Based on this, is it likely or unlikely that she uses scissors to cut her own hair?
(A) Unlikely
(B) Likely
Answer with the letter only.
Answer:","{'A': 'unlikely', 'B': 'likely'}",likely,B,"{'option_a': ' A', 'score_a': -16.625, 'option_b': ' B', 'score_b': -13.3125}",True,,1
dpo,allenai/OLMo-2-1124-7B-DPO,18,Sandy,baseline_ordinary,inference_derivation,she uses scissors to cut her own hair,she uses a buzzer rather than scissors to cut her hair,"Sandy usually cuts her own hair, although she has no training. Two days ago, after she gave herself another haircut, she went for a walk along her street. She quickly ran into her ex, Patrick, and they stopped to catch up for a few minutes.
Sandy said to Patrick: ""I just cut my hair. I cut it a bit shorter than intended.""
Question: Based on this conversation, is it likely or unlikely that she uses a buzzer rather than scissors to cut her hair?
(A) Unlikely
(B) Likely
Answer with the letter only.
Answer:","{'A': 'unlikely', 'B': 'likely'}",likely,B,"{'option_a': ' A', 'score_a': -14.1875, 'option_b': ' B', 'score_b': -13.8125}",True,,1
dpo,allenai/OLMo-2-1124-7B-DPO,18,Sandy,baseline_wonky,script_knowledge,she uses scissors to cut her own hair,she uses a buzzer rather than scissors to cut her hair,"Sandy usually cuts her own hair, simply by taking a buzzer to it.
Question: Based on this, is it likely or unlikely that she uses scissors to cut her own hair?
(A) Likely
(B) Unlikely
Answer with the letter only.
Answer:","{'A': 'likely', 'B': 'unlikely'}",unlikely,B,"{'option_a': ' A', 'score_a': -16.0, 'option_b': ' B', 'score_b': -12.25}",True,,0
dpo,allenai/OLMo-2-1124-7B-DPO,18,Sandy,baseline_wonky,inference_derivation,she uses scissors to cut her own hair,she uses a buzzer rather than scissors to cut her hair,"Sandy usually cuts her own hair, simply by taking a buzzer to it. Two days ago, after she gave herself another haircut, she went for a walk along her street. She quickly ran into her ex, Patrick, and they stopped to catch up for a few minutes.
Sandy said to Patrick: ""I just cut my hair. I cut it a bit shorter than intended.""
Question: Based on this conversation, is it likely or unlikely that she uses a buzzer rather than scissors to cut her hair?
(A) Likely
(B) Unlikely
Answer with the letter only.
Answer:","{'A': 'likely', 'B': 'unlikely'}",likely,A,"{'option_a': ' A', 'score_a': -13.3125, 'option_b': ' B', 'score_b': -17.75}",True,,1
dpo,allenai/OLMo-2-1124-7B-DPO,19,Henry,critical,script_knowledge,he looks closely at the art when he goes to exhibitions,he only goes to exhibitions because his girlfriend drags him,"Henry often goes to art exhibitions, as there's an art museum a short walk from his place.
Question: Based on this, is it likely or unlikely that he looks closely at the art when he goes to exhibitions?
(A) Likely
(B) Unlikely
Answer with the letter only.
Answer:","{'A': 'likely', 'B': 'unlikely'}",likely,A,"{'option_a': ' A', 'score_a': -13.625, 'option_b': ' B', 'score_b': -20.0}",True,,1
dpo,allenai/OLMo-2-1124-7B-DPO,19,Henry,critical,inference_derivation,he looks closely at the art when he goes to exhibitions,he only goes to exhibitions because his girlfriend drags him,"Henry often goes to art exhibitions, as there's an art museum a short walk from his place. Last week, after going to a new photography exhibition, he encountered his friend Max on his way home. They paused on the street and chatted for a while.
Henry said to Max: ""I just went to the new photo exhibit. I looked at the photographs.""
Question: Based on this conversation, is it likely or unlikely that he only goes to exhibitions because his girlfriend drags him?
(A) Unlikely
(B) Likely
Answer with the letter only.
Answer:","{'A': 'unlikely', 'B': 'likely'}",unlikely,A,"{'option_a': ' A', 'score_a': -13.6875, 'option_b': ' B', 'score_b': -17.25}",True,,0
dpo,allenai/OLMo-2-1124-7B-DPO,19,Henry,resolved,script_knowledge,he looks closely at the art when he goes to exhibitions,he only goes to exhibitions because his girlfriend drags him,"Henry often goes to art exhibitions, but only because his girlfriend drags him.
Question: Based on this, is it likely or unlikely that he looks closely at the art when he goes to exhibitions?
(A) Likely
(B) Unlikely
Answer with the letter only.
Answer:","{'A': 'likely', 'B': 'unlikely'}",unlikely,B,"{'option_a': ' A', 'score_a': -20.625, 'option_b': ' B', 'score_b': -13.3125}",True,,0
dpo,allenai/OLMo-2-1124-7B-DPO,19,Henry,resolved,inference_derivation,he looks closely at the art when he goes to exhibitions,he only goes to exhibitions because his girlfriend drags him,"Henry often goes to art exhibitions, but only because his girlfriend drags him. Last week, after going to a new photography exhibition, he encountered his friend Max on his way home. They paused on the street and chatted for a while.
Henry said to Max: ""I just went to the new photo exhibit. I looked at the photographs.""
Question: Based on this conversation, is it likely or unlikely that he only goes to exhibitions because his girlfriend drags him?
(A) Unlikely
(B) Likely
Answer with the letter only.
Answer:","{'A': 'unlikely', 'B': 'likely'}",unlikely,A,"{'option_a': ' A', 'score_a': -15.25, 'option_b': ' B', 'score_b': -15.375}",True,,0
dpo,allenai/OLMo-2-1124-7B-DPO,19,Henry,baseline_ordinary,script_knowledge,he looks closely at the art when he goes to exhibitions,he only goes to exhibitions because his girlfriend drags him,"Henry often goes to art exhibitions, as there's an art museum a short walk from his place.
Question: Based on this, is it likely or unlikely that he looks closely at the art when he goes to exhibitions?
(A) Likely
(B) Unlikely
Answer with the letter only.
Answer:","{'A': 'likely', 'B': 'unlikely'}",likely,A,"{'option_a': ' A', 'score_a': -13.625, 'option_b': ' B', 'score_b': -20.0}",True,,1
dpo,allenai/OLMo-2-1124-7B-DPO,19,Henry,baseline_ordinary,inference_derivation,he looks closely at the art when he goes to exhibitions,he only goes to exhibitions because his girlfriend drags him,"Henry often goes to art exhibitions, as there's an art museum a short walk from his place. Last week, after going to a new photography exhibition, he encountered his friend Max on his way home. They paused on the street and chatted for a while.
Henry said to Max: ""I just went to the new photo exhibit. I decided to buy a photograph.""
Question: Based on this conversation, is it likely or unlikely that he only goes to exhibitions because his girlfriend drags him?
(A) Likely
(B) Unlikely
Answer with the letter only.
Answer:","{'A': 'likely', 'B': 'unlikely'}",unlikely,B,"{'option_a': ' A', 'score_a': -21.375, 'option_b': ' B', 'score_b': -13.5}",True,,0
dpo,allenai/OLMo-2-1124-7B-DPO,19,Henry,baseline_wonky,script_knowledge,he looks closely at the art when he goes to exhibitions,he only goes to exhibitions because his girlfriend drags him,"Henry often goes to art exhibitions, but only because his girlfriend drags him.
Question: Based on this, is it likely or unlikely that he looks closely at the art when he goes to exhibitions?
(A) Unlikely
(B) Likely
Answer with the letter only.
Answer:","{'A': 'unlikely', 'B': 'likely'}",unlikely,A,"{'option_a': ' A', 'score_a': -13.875, 'option_b': ' B', 'score_b': -17.0}",True,,0
dpo,allenai/OLMo-2-1124-7B-DPO,19,Henry,baseline_wonky,inference_derivation,he looks closely at the art when he goes to exhibitions,he only goes to exhibitions because his girlfriend drags him,"Henry often goes to art exhibitions, but only because his girlfriend drags him. Last week, after going to a new photography exhibition, he encountered his friend Max on his way home. They paused on the street and chatted for a while.
Henry said to Max: ""I just went to the new photo exhibit. I decided to buy a photograph.""
Question: Based on this conversation, is it likely or unlikely that he only goes to exhibitions because his girlfriend drags him?
(A) Unlikely
(B) Likely
Answer with the letter only.
Answer:","{'A': 'unlikely', 'B': 'likely'}",unlikely,A,"{'option_a': ' A', 'score_a': -14.0, 'option_b': ' B', 'score_b': -14.625}",True,,0
dpo,allenai/OLMo-2-1124-7B-DPO,20,Helen,critical,script_knowledge,she locks her car after parking,she is incredibly scatterbrained,"Helen works hard at her job, and enjoys the challenges she's given at work.
Question: Based on this, is it likely or unlikely that she locks her car after parking?
(A) Unlikely
(B) Likely
Answer with the letter only.
Answer:","{'A': 'unlikely', 'B': 'likely'}",likely,B,"{'option_a': ' A', 'score_a': -20.125, 'option_b': ' B', 'score_b': -13.25}",True,,1
dpo,allenai/OLMo-2-1124-7B-DPO,20,Helen,critical,inference_derivation,she locks her car after parking,she is incredibly scatterbrained,"Helen works hard at her job, and enjoys the challenges she's given at work. Today, after driving her car to work as usual, she ran into her office-mate Peter while walking into the building. They stopped briefly to say hello.
Helen said to Peter: ""I just parked my car. I locked it.""
Question: Based on this conversation, is it likely or unlikely that she is incredibly scatterbrained?
(A) Unlikely
(B) Likely
Answer with the letter only.
Answer:","{'A': 'unlikely', 'B': 'likely'}",unlikely,A,"{'option_a': ' A', 'score_a': -15.1875, 'option_b': ' B', 'score_b': -19.375}",True,,0
dpo,allenai/OLMo-2-1124-7B-DPO,20,Helen,resolved,script_knowledge,she locks her car after parking,she is incredibly scatterbrained,"Helen works hard at her job, although she is incredibly scatterbrained.
Question: Based on this, is it likely or unlikely that she locks her car after parking?
(A) Unlikely
(B) Likely
Answer with the letter only.
Answer:","{'A': 'unlikely', 'B': 'likely'}",likely,B,"{'option_a': ' A', 'score_a': -15.0, 'option_b': ' B', 'score_b': -14.1875}",True,,1
dpo,allenai/OLMo-2-1124-7B-DPO,20,Helen,resolved,inference_derivation,she locks her car after parking,she is incredibly scatterbrained,"Helen works hard at her job, although she is incredibly scatterbrained. Today, after driving her car to work as usual, she ran into her office-mate Peter while walking into the building. They stopped briefly to say hello.
Helen said to Peter: ""I just parked my car. I locked it.""
Question: Based on this conversation, is it likely or unlikely that she is incredibly scatterbrained?
(A) Unlikely
(B) Likely
Answer with the letter only.
Answer:","{'A': 'unlikely', 'B': 'likely'}",likely,B,"{'option_a': ' A', 'score_a': -16.25, 'option_b': ' B', 'score_b': -13.25}",True,,1
dpo,allenai/OLMo-2-1124-7B-DPO,20,Helen,baseline_ordinary,script_knowledge,she locks her car after parking,she is incredibly scatterbrained,"Helen works hard at her job, and enjoys the challenges she's given at work.
Question: Based on this, is it likely or unlikely that she locks her car after parking?
(A) Likely
(B) Unlikely
Answer with the letter only.
Answer:","{'A': 'likely', 'B': 'unlikely'}",likely,A,"{'option_a': ' A', 'score_a': -14.1875, 'option_b': ' B', 'score_b': -18.375}",True,,1
dpo,allenai/OLMo-2-1124-7B-DPO,20,Helen,baseline_ordinary,inference_derivation,she locks her car after parking,she is incredibly scatterbrained,"Helen works hard at her job, and enjoys the challenges she's given at work. Today, after driving her car to work as usual, she ran into her office-mate Peter while walking into the building. They stopped briefly to say hello.
Helen said to Peter: ""I just parked my car. One of my tail lights has gone out.""
Question: Based on this conversation, is it likely or unlikely that she is incredibly scatterbrained?
(A) Likely
(B) Unlikely
Answer with the letter only.
Answer:","{'A': 'likely', 'B': 'unlikely'}",unlikely,B,"{'option_a': ' A', 'score_a': -19.875, 'option_b': ' B', 'score_b': -13.0}",True,,0
dpo,allenai/OLMo-2-1124-7B-DPO,20,Helen,baseline_wonky,script_knowledge,she locks her car after parking,she is incredibly scatterbrained,"Helen works hard at her job, although she is incredibly scatterbrained.
Question: Based on this, is it likely or unlikely that she locks her car after parking?
(A) Unlikely
(B) Likely
Answer with the letter only.
Answer:","{'A': 'unlikely', 'B': 'likely'}",likely,B,"{'option_a': ' A', 'score_a': -15.0, 'option_b': ' B', 'score_b': -14.1875}",True,,1
dpo,allenai/OLMo-2-1124-7B-DPO,20,Helen,baseline_wonky,inference_derivation,she locks her car after parking,she is incredibly scatterbrained,"Helen works hard at her job, although she is incredibly scatterbrained. Today, after driving her car to work as usual, she ran into her office-mate Peter while walking into the building. They stopped briefly to say hello.
Helen said to Peter: ""I just parked my car. One of my tail lights has gone out.""
Question: Based on this conversation, is it likely or unlikely that she is incredibly scatterbrained?
(A) Likely
(B) Unlikely
Answer with the letter only.
Answer:","{'A': 'likely', 'B': 'unlikely'}",likely,A,"{'option_a': ' A', 'score_a': -13.125, 'option_b': ' B', 'score_b': -13.6875}",True,,1
dpo,allenai/OLMo-2-1124-7B-DPO,21,Gary,critical,script_knowledge,he gets to pick the toppings on his pizza,he doesn't usually get to choose his pizza toppings,"Gary often orders pizza at work, from a famous pizzeria nearby.
Question: Based on this, is it likely or unlikely that he gets to pick the toppings on his pizza?
(A) Unlikely
(B) Likely
Answer with the letter only.
Answer:","{'A': 'unlikely', 'B': 'likely'}",likely,B,"{'option_a': ' A', 'score_a': -20.0, 'option_b': ' B', 'score_b': -12.875}",True,,1
dpo,allenai/OLMo-2-1124-7B-DPO,21,Gary,critical,inference_derivation,he gets to pick the toppings on his pizza,he doesn't usually get to choose his pizza toppings,"Gary often orders pizza at work, from a famous pizzeria nearby. A few days ago, after he placed an order, his colleague Stephanie walked over to his cubicle to chat.
Gary said to Stephanie: ""I just ordered pizza. I picked the toppings.""
Question: Based on this conversation, is it likely or unlikely that he doesn't usually get to choose his pizza toppings?
(A) Unlikely
(B) Likely
Answer with the letter only.
Answer:","{'A': 'unlikely', 'B': 'likely'}",unlikely,A,"{'option_a': ' A', 'score_a': -13.375, 'option_b': ' B', 'score_b': -17.25}",True,,0
dpo,allenai/OLMo-2-1124-7B-DPO,21,Gary,resolved,script_knowledge,he gets to pick the toppings on his pizza,he doesn't usually get to choose his pizza toppings,"Gary often orders pizza at work, but doesn't usually get to choose which type of pizza to get.
Question: Based on this, is it likely or unlikely that he gets to pick the toppings on his pizza?
(A) Likely
(B) Unlikely
Answer with the letter only.
Answer:","{'A': 'likely', 'B': 'unlikely'}",unlikely,B,"{'option_a': ' A', 'score_a': -18.25, 'option_b': ' B', 'score_b': -13.125}",True,,0
dpo,allenai/OLMo-2-1124-7B-DPO,21,Gary,resolved,inference_derivation,he gets to pick the toppings on his pizza,he doesn't usually get to choose his pizza toppings,"Gary often orders pizza at work, but doesn't usually get to choose which type of pizza to get. A few days ago, after he placed an order, his colleague Stephanie walked over to his cubicle to chat.
Gary said to Stephanie: ""I just ordered pizza. I picked the toppings.""
Question: Based on this conversation, is it likely or unlikely that he doesn't usually get to choose his pizza toppings?
(A) Likely
(B) Unlikely
Answer with the letter only.
Answer:","{'A': 'likely', 'B': 'unlikely'}",likely,A,"{'option_a': ' A', 'score_a': -13.375, 'option_b': ' B', 'score_b': -16.75}",True,,1
dpo,allenai/OLMo-2-1124-7B-DPO,21,Gary,baseline_ordinary,script_knowledge,he gets to pick the toppings on his pizza,he doesn't usually get to choose his pizza toppings,"Gary often orders pizza at work, from a famous pizzeria nearby.
Question: Based on this, is it likely or unlikely that he gets to pick the toppings on his pizza?
(A) Likely
(B) Unlikely
Answer with the letter only.
Answer:","{'A': 'likely', 'B': 'unlikely'}",likely,A,"{'option_a': ' A', 'score_a': -13.375, 'option_b': ' B', 'score_b': -19.0}",True,,1
dpo,allenai/OLMo-2-1124-7B-DPO,21,Gary,baseline_ordinary,inference_derivation,he gets to pick the toppings on his pizza,he doesn't usually get to choose his pizza toppings,"Gary often orders pizza at work, from a famous pizzeria nearby. A few days ago, after he placed an order, his colleague Stephanie walked over to his cubicle to chat.
Gary said to Stephanie: ""I just ordered pizza. I used a gift certificate.""
Question: Based on this conversation, is it likely or unlikely that he doesn't usually get to choose his pizza toppings?
(A) Likely
(B) Unlikely
Answer with the letter only.
Answer:","{'A': 'likely', 'B': 'unlikely'}",unlikely,B,"{'option_a': ' A', 'score_a': -15.625, 'option_b': ' B', 'score_b': -14.4375}",True,,0
dpo,allenai/OLMo-2-1124-7B-DPO,21,Gary,baseline_wonky,script_knowledge,he gets to pick the toppings on his pizza,he doesn't usually get to choose his pizza toppings,"Gary often orders pizza at work, but doesn't usually get to choose which type of pizza to get.
Question: Based on this, is it likely or unlikely that he gets to pick the toppings on his pizza?
(A) Likely
(B) Unlikely
Answer with the letter only.
Answer:","{'A': 'likely', 'B': 'unlikely'}",unlikely,B,"{'option_a': ' A', 'score_a': -18.25, 'option_b': ' B', 'score_b': -13.125}",True,,0
dpo,allenai/OLMo-2-1124-7B-DPO,21,Gary,baseline_wonky,inference_derivation,he gets to pick the toppings on his pizza,he doesn't usually get to choose his pizza toppings,"Gary often orders pizza at work, but doesn't usually get to choose which type of pizza to get. A few days ago, after he placed an order, his colleague Stephanie walked over to his cubicle to chat.
Gary said to Stephanie: ""I just ordered pizza. I used a gift certificate.""
Question: Based on this conversation, is it likely or unlikely that he doesn't usually get to choose his pizza toppings?
(A) Likely
(B) Unlikely
Answer with the letter only.
Answer:","{'A': 'likely', 'B': 'unlikely'}",likely,A,"{'option_a': ' A', 'score_a': -13.375, 'option_b': ' B', 'score_b': -17.75}",True,,1
dpo,allenai/OLMo-2-1124-7B-DPO,22,Julia,critical,script_knowledge,she rinses the dishes after washing them,she doesn't always bother to rinse the dishes,"Julia always tries to wash the dishes after eating, to avoid annoying her roommates.
Question: Based on this, is it likely or unlikely that she rinses the dishes after washing them?
(A) Likely
(B) Unlikely
Answer with the letter only.
Answer:","{'A': 'likely', 'B': 'unlikely'}",likely,A,"{'option_a': ' A', 'score_a': -13.8125, 'option_b': ' B', 'score_b': -18.875}",True,,1
dpo,allenai/OLMo-2-1124-7B-DPO,22,Julia,critical,inference_derivation,she rinses the dishes after washing them,she doesn't always bother to rinse the dishes,"Julia always tries to wash the dishes after eating, to avoid annoying her roommates. A few days ago, she was getting ready to go out after doing the dishes. She ran into her roommate Justin on her way out, and started talking to him.
Julia said to Justin: ""I just did the dishes. I rinsed them.""
Question: Based on this conversation, is it likely or unlikely that she doesn't always bother to rinse the dishes?
(A) Unlikely
(B) Likely
Answer with the letter only.
Answer:","{'A': 'unlikely', 'B': 'likely'}",unlikely,A,"{'option_a': ' A', 'score_a': -15.3125, 'option_b': ' B', 'score_b': -19.75}",True,,0
dpo,allenai/OLMo-2-1124-7B-DPO,22,Julia,resolved,script_knowledge,she rinses the dishes after washing them,she doesn't always bother to rinse the dishes,"Julia always tries to wash the dishes after eating, but doesn't always bother to rinse them.
Question: Based on this, is it likely or unlikely that she rinses the dishes after washing them?
(A) Unlikely
(B) Likely
Answer with the letter only.
Answer:","{'A': 'unlikely', 'B': 'likely'}",unlikely,A,"{'option_a': ' A', 'score_a': -14.625, 'option_b': ' B', 'score_b': -16.625}",True,,0
dpo,allenai/OLMo-2-1124-7B-DPO,22,Julia,resolved,inference_derivation,she rinses the dishes after washing them,she doesn't always bother to rinse the dishes,"Julia always tries to wash the dishes after eating, but doesn't always bother to rinse them. A few days ago, she was getting ready to go out after doing the dishes. She ran into her roommate Justin on her way out, and started talking to him.
Julia said to Justin: ""I just did the dishes. I rinsed them.""
Question: Based on this conversation, is it likely or unlikely that she doesn't always bother to rinse the dishes?
(A) Unlikely
(B) Likely
Answer with the letter only.
Answer:","{'A': 'unlikely', 'B': 'likely'}",unlikely,A,"{'option_a': ' A', 'score_a': -14.25, 'option_b': ' B', 'score_b': -15.25}",True,,0
dpo,allenai/OLMo-2-1124-7B-DPO,22,Julia,baseline_ordinary,script_knowledge,she rinses the dishes after washing them,she doesn't always bother to rinse the dishes,"Julia always tries to wash the dishes after eating, to avoid annoying her roommates.
Question: Based on this, is it likely or unlikely that she rinses the dishes after washing them?
(A) Likely
(B) Unlikely
Answer with the letter only.
Answer:","{'A': 'likely', 'B': 'unlikely'}",likely,A,"{'option_a': ' A', 'score_a': -13.8125, 'option_b': ' B', 'score_b': -18.875}",True,,1
dpo,allenai/OLMo-2-1124-7B-DPO,22,Julia,baseline_ordinary,inference_derivation,she rinses the dishes after washing them,she doesn't always bother to rinse the dishes,"Julia always tries to wash the dishes after eating, to avoid annoying her roommates. A few days ago, she was getting ready to go out after doing the dishes. She ran into her roommate Justin on her way out, and started talking to him.
Julia said to Justin: ""I just did the dishes. I polished them.""
Question: Based on this conversation, is it likely or unlikely that she doesn't always bother to rinse the dishes?
(A) Unlikely
(B) Likely
Answer with the letter only.
Answer:","{'A': 'unlikely', 'B': 'likely'}",unlikely,A,"{'option_a': ' A', 'score_a': -14.5, 'option_b': ' B', 'score_b': -17.625}",True,,0
dpo,allenai/OLMo-2-1124-7B-DPO,22,Julia,baseline_wonky,script_knowledge,she rinses the dishes after washing them,she doesn't always bother to rinse the dishes,"Julia always tries to wash the dishes after eating, but doesn't always bother to rinse them.
Question: Based on this, is it likely or unlikely that she rinses the dishes after washing them?
(A) Unlikely
(B) Likely
Answer with the letter only.
Answer:","{'A': 'unlikely', 'B': 'likely'}",unlikely,A,"{'option_a': ' A', 'score_a': -14.625, 'option_b': ' B', 'score_b': -16.625}",True,,0
dpo,allenai/OLMo-2-1124-7B-DPO,22,Julia,baseline_wonky,inference_derivation,she rinses the dishes after washing them,she doesn't always bother to rinse the dishes,"Julia always tries to wash the dishes after eating, but doesn't always bother to rinse them. A few days ago, she was getting ready to go out after doing the dishes. She ran into her roommate Justin on her way out, and started talking to him.
Julia said to Justin: ""I just did the dishes. I polished them.""
Question: Based on this conversation, is it likely or unlikely that she doesn't always bother to rinse the dishes?
(A) Likely
(B) Unlikely
Answer with the letter only.
Answer:","{'A': 'likely', 'B': 'unlikely'}",likely,A,"{'option_a': ' A', 'score_a': -13.8125, 'option_b': ' B', 'score_b': -16.125}",True,,1
dpo,allenai/OLMo-2-1124-7B-DPO,23,Emma,critical,script_knowledge,she checks books out of the library rather than taking them,she steals books rather than checking them out,"Emma often borrows books from the library, as she doesn't have much spare cash to spend.
Question: Based on this, is it likely or unlikely that she checks books out of the library rather than taking them?
(A) Unlikely
(B) Likely
Answer with the letter only.
Answer:","{'A': 'unlikely', 'B': 'likely'}",likely,B,"{'option_a': ' A', 'score_a': -21.625, 'option_b': ' B', 'score_b': -13.0625}",True,,1
dpo,allenai/OLMo-2-1124-7B-DPO,23,Emma,critical,inference_derivation,she checks books out of the library rather than taking them,she steals books rather than checking them out,"Emma often borrows books from the library, as she doesn't have much spare cash to spend. Last week, after going to the library, she was heading home with several books, and ran into her best friend Tim on the street. They stopped to quickly say hello.
Emma said to Tim: ""I just got some books at the library. I checked them out.""
Question: Based on this conversation, is it likely or unlikely that she steals books rather than checking them out?
(A) Unlikely
(B) Likely
Answer with the letter only.
Answer:","{'A': 'unlikely', 'B': 'likely'}",unlikely,A,"{'option_a': ' A', 'score_a': -14.0625, 'option_b': ' B', 'score_b': -20.25}",True,,0
dpo,allenai/OLMo-2-1124-7B-DPO,23,Emma,resolved,script_knowledge,she checks books out of the library rather than taking them,she steals books rather than checking them out,"Emma often steals books from the library, as she doesn't have money to buy her own copies.
Question: Based on this, is it likely or unlikely that she checks books out of the library rather than taking them?
(A) Unlikely
(B) Likely
Answer with the letter only.
Answer:","{'A': 'unlikely', 'B': 'likely'}",likely,B,"{'option_a': ' A', 'score_a': -14.9375, 'option_b': ' B', 'score_b': -12.0625}",True,,1
dpo,allenai/OLMo-2-1124-7B-DPO,23,Emma,resolved,inference_derivation,she checks books out of the library rather than taking them,she steals books rather than checking them out,"Emma often steals books from the library, as she doesn't have money to buy her own copies. Last week, after going to the library, she was heading home with several books, and ran into her best friend Tim on the street. They stopped to quickly say hello.
Emma said to Tim: ""I just got some books at the library. I checked them out.""
Question: Based on this conversation, is it likely or unlikely that she steals books rather than checking them out?
(A) Likely
(B) Unlikely
Answer with the letter only.
Answer:","{'A': 'likely', 'B': 'unlikely'}",likely,A,"{'option_a': ' A', 'score_a': -14.0625, 'option_b': ' B', 'score_b': -16.375}",True,,1
dpo,allenai/OLMo-2-1124-7B-DPO,23,Emma,baseline_ordinary,script_knowledge,she checks books out of the library rather than taking them,she steals books rather than checking them out,"Emma often borrows books from the library, as she doesn't have much spare cash to spend.
Question: Based on this, is it likely or unlikely that she checks books out of the library rather than taking them?
(A) Unlikely
(B) Likely
Answer with the letter only.
Answer:","{'A': 'unlikely', 'B': 'likely'}",likely,B,"{'option_a': ' A', 'score_a': -21.625, 'option_b': ' B', 'score_b': -13.0625}",True,,1
dpo,allenai/OLMo-2-1124-7B-DPO,23,Emma,baseline_ordinary,inference_derivation,she checks books out of the library rather than taking them,she steals books rather than checking them out,"Emma often borrows books from the library, as she doesn't have much spare cash to spend. Last week, after going to the library, she was heading home with several books, and ran into her best friend Tim on the street. They stopped to quickly say hello.
Emma said to Tim: ""I just got some books at the library. I looked at the library's exhibit.""
Question: Based on this conversation, is it likely or unlikely that she steals books rather than checking them out?
(A) Likely
(B) Unlikely
Answer with the letter only.
Answer:","{'A': 'likely', 'B': 'unlikely'}",unlikely,B,"{'option_a': ' A', 'score_a': -23.375, 'option_b': ' B', 'score_b': -12.875}",True,,0
dpo,allenai/OLMo-2-1124-7B-DPO,23,Emma,baseline_wonky,script_knowledge,she checks books out of the library rather than taking them,she steals books rather than checking them out,"Emma often steals books from the library, as she doesn't have money to buy her own copies.
Question: Based on this, is it likely or unlikely that she checks books out of the library rather than taking them?
(A) Likely
(B) Unlikely
Answer with the letter only.
Answer:","{'A': 'likely', 'B': 'unlikely'}",likely,A,"{'option_a': ' A', 'score_a': -12.0, 'option_b': ' B', 'score_b': -13.1875}",True,,1
dpo,allenai/OLMo-2-1124-7B-DPO,23,Emma,baseline_wonky,inference_derivation,she checks books out of the library rather than taking them,she steals books rather than checking them out,"Emma often steals books from the library, as she doesn't have money to buy her own copies. Last week, after going to the library, she was heading home with several books, and ran into her best friend Tim on the street. They stopped to quickly say hello.
Emma said to Tim: ""I just got some books at the library. I looked at the library's exhibit.""
Question: Based on this conversation, is it likely or unlikely that she steals books rather than checking them out?
(A) Likely
(B) Unlikely
Answer with the letter only.
Answer:","{'A': 'likely', 'B': 'unlikely'}",likely,A,"{'option_a': ' A', 'score_a': -13.625, 'option_b': ' B', 'score_b': -15.5}",True,,1
dpo,allenai/OLMo-2-1124-7B-DPO,24,Logan,critical,script_knowledge,he uses detergent when doing the laundry,he can't get a handle even on the basics of laundry,"Logan recently started doing his own laundry, after moving out of his parents' house.
Question: Based on this, is it likely or unlikely that he uses detergent when doing the laundry?
(A) Unlikely
(B) Likely
Answer with the letter only.
Answer:","{'A': 'unlikely', 'B': 'likely'}",likely,B,"{'option_a': ' A', 'score_a': -21.375, 'option_b': ' B', 'score_b': -13.625}",True,,1
dpo,allenai/OLMo-2-1124-7B-DPO,24,Logan,critical,inference_derivation,he uses detergent when doing the laundry,he can't get a handle even on the basics of laundry,"Logan recently started doing his own laundry, after moving out of his parents' house. Yesterday, after doing a load, he went to the living room to watch some TV. Soon his roommate Sophia came home, and asked about his day while taking off her coat.
Logan said to Sophia: ""I just did the laundry. I used detergent.""
Question: Based on this conversation, is it likely or unlikely that he can't get a handle even on the basics of laundry?
(A) Likely
(B) Unlikely
Answer with the letter only.
Answer:","{'A': 'likely', 'B': 'unlikely'}",likely,A,"{'option_a': ' A', 'score_a': -12.75, 'option_b': ' B', 'score_b': -13.5625}",True,,1
dpo,allenai/OLMo-2-1124-7B-DPO,24,Logan,resolved,script_knowledge,he uses detergent when doing the laundry,he can't get a handle even on the basics of laundry,"Logan recently started doing his own laundry, but can't get a handle even on the basics.
Question: Based on this, is it likely or unlikely that he uses detergent when doing the laundry?
(A) Unlikely
(B) Likely
Answer with the letter only.
Answer:","{'A': 'unlikely', 'B': 'likely'}",unlikely,A,"{'option_a': ' A', 'score_a': -14.0, 'option_b': ' B', 'score_b': -14.0625}",True,,0
dpo,allenai/OLMo-2-1124-7B-DPO,24,Logan,resolved,inference_derivation,he uses detergent when doing the laundry,he can't get a handle even on the basics of laundry,"Logan recently started doing his own laundry, but can't get a handle even on the basics. Yesterday, after doing a load, he went to the living room to watch some TV. Soon his roommate Sophia came home, and asked about his day while taking off her coat.
Logan said to Sophia: ""I just did the laundry. I used detergent.""
Question: Based on this conversation, is it likely or unlikely that he can't get a handle even on the basics of laundry?
(A) Likely
(B) Unlikely
Answer with the letter only.
Answer:","{'A': 'likely', 'B': 'unlikely'}",likely,A,"{'option_a': ' A', 'score_a': -12.9375, 'option_b': ' B', 'score_b': -18.75}",True,,1
dpo,allenai/OLMo-2-1124-7B-DPO,24,Logan,baseline_ordinary,script_knowledge,he uses detergent when doing the laundry,he can't get a handle even on the basics of laundry,"Logan recently started doing his own laundry, after moving out of his parents' house.
Question: Based on this, is it likely or unlikely that he uses detergent when doing the laundry?
(A) Likely
(B) Unlikely
Answer with the letter only.
Answer:","{'A': 'likely', 'B': 'unlikely'}",likely,A,"{'option_a': ' A', 'score_a': -13.75, 'option_b': ' B', 'score_b': -20.25}",True,,1
dpo,allenai/OLMo-2-1124-7B-DPO,24,Logan,baseline_ordinary,inference_derivation,he uses detergent when doing the laundry,he can't get a handle even on the basics of laundry,"Logan recently started doing his own laundry, after moving out of his parents' house. Yesterday, after doing a load, he went to the living room to watch some TV. Soon his roommate Sophia came home, and asked about his day while taking off her coat.
Logan said to Sophia: ""I just did the laundry. I added some softener to the wash.""
Question: Based on this conversation, is it likely or unlikely that he can't get a handle even on the basics of laundry?
(A) Unlikely
(B) Likely
Answer with the letter only.
Answer:","{'A': 'unlikely', 'B': 'likely'}",unlikely,A,"{'option_a': ' A', 'score_a': -13.3125, 'option_b': ' B', 'score_b': -17.375}",True,,0
dpo,allenai/OLMo-2-1124-7B-DPO,24,Logan,baseline_wonky,script_knowledge,he uses detergent when doing the laundry,he can't get a handle even on the basics of laundry,"Logan recently started doing his own laundry, but can't get a handle even on the basics.
Question: Based on this, is it likely or unlikely that he uses detergent when doing the laundry?
(A) Likely
(B) Unlikely
Answer with the letter only.
Answer:","{'A': 'likely', 'B': 'unlikely'}",likely,A,"{'option_a': ' A', 'score_a': -13.9375, 'option_b': ' B', 'score_b': -18.0}",True,,1
dpo,allenai/OLMo-2-1124-7B-DPO,24,Logan,baseline_wonky,inference_derivation,he uses detergent when doing the laundry,he can't get a handle even on the basics of laundry,"Logan recently started doing his own laundry, but can't get a handle even on the basics. Yesterday, after doing a load, he went to the living room to watch some TV. Soon his roommate Sophia came home, and asked about his day while taking off her coat.
Logan said to Sophia: ""I just did the laundry. I added some softener to the wash.""
Question: Based on this conversation, is it likely or unlikely that he can't get a handle even on the basics of laundry?
(A) Unlikely
(B) Likely
Answer with the letter only.
Answer:","{'A': 'unlikely', 'B': 'likely'}",likely,B,"{'option_a': ' A', 'score_a': -15.75, 'option_b': ' B', 'score_b': -13.125}",True,,1
